path,label,w,h,aspect_ratio
/home/user/Desktop/PR_GROUP_ASSIGNMENT/EN3150-Assignment-03/realwaste/realwaste-main/RealWaste/Cardboard/Cardboard_379.jpg,Cardboard,524,524,1.0
/home/user/Desktop/PR_GROUP_ASSIGNMENT/EN3150-Assignment-03/realwaste/realwaste-main/RealWaste/Food Organics/Food Organics_193.jpg,Food Organics,524,524,1.0
/home/user/Desktop/PR_GROUP_ASSIGNMENT/EN3150-Assignment-03/realwaste/realwaste-main/RealWaste/Metal/Metal_73.jpg,Metal,524,524,1.0
/home/user/Desktop/PR_GROUP_ASSIGNMENT/EN3150-Assignment-03/realwaste/realwaste-main/RealWaste/Metal/Metal_687.jpg,Metal,524,524,1.0
/home/user/Desktop/PR_GROUP_ASSIGNMENT/EN3150-Assignment-03/realwaste/realwaste-main/RealWaste/Vegetation/Vegetation_46.jpg,Vegetation,524,524,1.0
/home/user/Desktop/PR_GROUP_ASSIGNMENT/EN3150-Assignment-03/realwaste/realwaste-main/RealWaste/Plastic/Plastic_654.jpg,Plastic,524,524,1.0
/home/user/Desktop/PR_GROUP_ASSIGNMENT/EN3150-Assignment-03/realwaste/realwaste-main/RealWaste/Paper/Paper_264.jpg,Paper,524,524,1.0
/home/user/Desktop/PR_GROUP_ASSIGNMENT/EN3150-Assignment-03/realwaste/realwaste-main/RealWaste/Miscellaneous Trash/Miscellaneous Trash_113.jpg,Miscellaneous Trash,524,524,1.0
/home/user/Desktop/PR_GROUP_ASSIGNMENT/EN3150-Assignment-03/realwaste/realwaste-main/RealWaste/Plastic/Plastic_183.jpg,Plastic,524,524,1.0
/home/user/Desktop/PR_GROUP_ASSIGNMENT/EN3150-Assignment-03/realwaste/realwaste-main/RealWaste/Cardboard/Cardboard_146.jpg,Cardboard,524,524,1.0
/home/user/Desktop/PR_GROUP_ASSIGNMENT/EN3150-Assignment-03/realwaste/realwaste-main/RealWaste/Plastic/Plastic_32.jpg,Plastic,524,524,1.0
/home/user/Desktop/PR_GROUP_ASSIGNMENT/EN3150-Assignment-03/realwaste/realwaste-main/RealWaste/Paper/Paper_206.jpg,Paper,524,524,1.0
/home/user/Desktop/PR_GROUP_ASSIGNMENT/EN3150-Assignment-03/realwaste/realwaste-main/RealWaste/Vegetation/Vegetation_68.jpg,Vegetation,524,524,1.0
/home/user/Desktop/PR_GROUP_ASSIGNMENT/EN3150-Assignment-03/realwaste/realwaste-main/RealWaste/Metal/Metal_592.jpg,Metal,524,524,1.0
/home/user/Desktop/PR_GROUP_ASSIGNMENT/EN3150-Assignment-03/realwaste/realwaste-main/RealWaste/Textile Trash/Textile Trash_200.jpg,Textile Trash,524,524,1.0
/home/user/Desktop/PR_GROUP_ASSIGNMENT/EN3150-Assignment-03/realwaste/realwaste-main/RealWaste/Plastic/Plastic_150.jpg,Plastic,524,524,1.0
/home/user/Desktop/PR_GROUP_ASSIGNMENT/EN3150-Assignment-03/realwaste/realwaste-main/RealWaste/Textile Trash/Textile Trash_51.jpg,Textile Trash,524,524,1.0
/home/user/Desktop/PR_GROUP_ASSIGNMENT/EN3150-Assignment-03/realwaste/realwaste-main/RealWaste/Vegetation/Vegetation_368.jpg,Vegetation,524,524,1.0
/home/user/Desktop/PR_GROUP_ASSIGNMENT/EN3150-Assignment-03/realwaste/realwaste-main/RealWaste/Cardboard/Cardboard_264.jpg,Cardboard,524,524,1.0
/home/user/Desktop/PR_GROUP_ASSIGNMENT/EN3150-Assignment-03/realwaste/realwaste-main/RealWaste/Textile Trash/Textile Trash_127.jpg,Textile Trash,524,524,1.0
/home/user/Desktop/PR_GROUP_ASSIGNMENT/EN3150-Assignment-03/realwaste/realwaste-main/RealWaste/Food Organics/Food Organics_27.jpg,Food Organics,524,524,1.0
/home/user/Desktop/PR_GROUP_ASSIGNMENT/EN3150-Assignment-03/realwaste/realwaste-main/RealWaste/Plastic/Plastic_314.jpg,Plastic,524,524,1.0
/home/user/Desktop/PR_GROUP_ASSIGNMENT/EN3150-Assignment-03/realwaste/realwaste-main/RealWaste/Metal/Metal_349.jpg,Metal,524,524,1.0
/home/user/Desktop/PR_GROUP_ASSIGNMENT/EN3150-Assignment-03/realwaste/realwaste-main/RealWaste/Food Organics/Food Organics_74.jpg,Food Organics,524,524,1.0
/home/user/Desktop/PR_GROUP_ASSIGNMENT/EN3150-Assignment-03/realwaste/realwaste-main/RealWaste/Glass/Glass_83.jpg,Glass,524,524,1.0
/home/user/Desktop/PR_GROUP_ASSIGNMENT/EN3150-Assignment-03/realwaste/realwaste-main/RealWaste/Plastic/Plastic_615.jpg,Plastic,524,524,1.0
/home/user/Desktop/PR_GROUP_ASSIGNMENT/EN3150-Assignment-03/realwaste/realwaste-main/RealWaste/Food Organics/Food Organics_307.jpg,Food Organics,524,524,1.0
/home/user/Desktop/PR_GROUP_ASSIGNMENT/EN3150-Assignment-03/realwaste/realwaste-main/RealWaste/Textile Trash/Textile Trash_233.jpg,Textile Trash,524,524,1.0
/home/user/Desktop/PR_GROUP_ASSIGNMENT/EN3150-Assignment-03/realwaste/realwaste-main/RealWaste/Metal/Metal_48.jpg,Metal,524,524,1.0
/home/user/Desktop/PR_GROUP_ASSIGNMENT/EN3150-Assignment-03/realwaste/realwaste-main/RealWaste/Textile Trash/Textile Trash_311.jpg,Textile Trash,524,524,1.0
/home/user/Desktop/PR_GROUP_ASSIGNMENT/EN3150-Assignment-03/realwaste/realwaste-main/RealWaste/Food Organics/Food Organics_126.jpg,Food Organics,524,524,1.0
/home/user/Desktop/PR_GROUP_ASSIGNMENT/EN3150-Assignment-03/realwaste/realwaste-main/RealWaste/Glass/Glass_388.jpg,Glass,524,524,1.0
/home/user/Desktop/PR_GROUP_ASSIGNMENT/EN3150-Assignment-03/realwaste/realwaste-main/RealWaste/Textile Trash/Textile Trash_293.jpg,Textile Trash,524,524,1.0
/home/user/Desktop/PR_GROUP_ASSIGNMENT/EN3150-Assignment-03/realwaste/realwaste-main/RealWaste/Paper/Paper_303.jpg,Paper,524,524,1.0
/home/user/Desktop/PR_GROUP_ASSIGNMENT/EN3150-Assignment-03/realwaste/realwaste-main/RealWaste/Glass/Glass_201.jpg,Glass,524,524,1.0
/home/user/Desktop/PR_GROUP_ASSIGNMENT/EN3150-Assignment-03/realwaste/realwaste-main/RealWaste/Plastic/Plastic_530.jpg,Plastic,524,524,1.0
/home/user/Desktop/PR_GROUP_ASSIGNMENT/EN3150-Assignment-03/realwaste/realwaste-main/RealWaste/Plastic/Plastic_526.jpg,Plastic,524,524,1.0
/home/user/Desktop/PR_GROUP_ASSIGNMENT/EN3150-Assignment-03/realwaste/realwaste-main/RealWaste/Miscellaneous Trash/Miscellaneous Trash_214.jpg,Miscellaneous Trash,524,524,1.0
/home/user/Desktop/PR_GROUP_ASSIGNMENT/EN3150-Assignment-03/realwaste/realwaste-main/RealWaste/Cardboard/Cardboard_65.jpg,Cardboard,524,524,1.0
/home/user/Desktop/PR_GROUP_ASSIGNMENT/EN3150-Assignment-03/realwaste/realwaste-main/RealWaste/Plastic/Plastic_153.jpg,Plastic,524,524,1.0
/home/user/Desktop/PR_GROUP_ASSIGNMENT/EN3150-Assignment-03/realwaste/realwaste-main/RealWaste/Paper/Paper_11.jpg,Paper,524,524,1.0
/home/user/Desktop/PR_GROUP_ASSIGNMENT/EN3150-Assignment-03/realwaste/realwaste-main/RealWaste/Metal/Metal_670.jpg,Metal,524,524,1.0
/home/user/Desktop/PR_GROUP_ASSIGNMENT/EN3150-Assignment-03/realwaste/realwaste-main/RealWaste/Food Organics/Food Organics_148.jpg,Food Organics,524,524,1.0
/home/user/Desktop/PR_GROUP_ASSIGNMENT/EN3150-Assignment-03/realwaste/realwaste-main/RealWaste/Food Organics/Food Organics_301.jpg,Food Organics,524,524,1.0
/home/user/Desktop/PR_GROUP_ASSIGNMENT/EN3150-Assignment-03/realwaste/realwaste-main/RealWaste/Vegetation/Vegetation_160.jpg,Vegetation,524,524,1.0
/home/user/Desktop/PR_GROUP_ASSIGNMENT/EN3150-Assignment-03/realwaste/realwaste-main/RealWaste/Vegetation/Vegetation_387.jpg,Vegetation,524,524,1.0
/home/user/Desktop/PR_GROUP_ASSIGNMENT/EN3150-Assignment-03/realwaste/realwaste-main/RealWaste/Vegetation/Vegetation_254.jpg,Vegetation,524,524,1.0
/home/user/Desktop/PR_GROUP_ASSIGNMENT/EN3150-Assignment-03/realwaste/realwaste-main/RealWaste/Metal/Metal_300.jpg,Metal,524,524,1.0
/home/user/Desktop/PR_GROUP_ASSIGNMENT/EN3150-Assignment-03/realwaste/realwaste-main/RealWaste/Food Organics/Food Organics_234.jpg,Food Organics,524,524,1.0
/home/user/Desktop/PR_GROUP_ASSIGNMENT/EN3150-Assignment-03/realwaste/realwaste-main/RealWaste/Miscellaneous Trash/Miscellaneous Trash_21.jpg,Miscellaneous Trash,524,524,1.0
/home/user/Desktop/PR_GROUP_ASSIGNMENT/EN3150-Assignment-03/realwaste/realwaste-main/RealWaste/Textile Trash/Textile Trash_28.jpg,Textile Trash,524,524,1.0
/home/user/Desktop/PR_GROUP_ASSIGNMENT/EN3150-Assignment-03/realwaste/realwaste-main/RealWaste/Metal/Metal_172.jpg,Metal,524,524,1.0
/home/user/Desktop/PR_GROUP_ASSIGNMENT/EN3150-Assignment-03/realwaste/realwaste-main/RealWaste/Textile Trash/Textile Trash_201.jpg,Textile Trash,524,524,1.0
/home/user/Desktop/PR_GROUP_ASSIGNMENT/EN3150-Assignment-03/realwaste/realwaste-main/RealWaste/Glass/Glass_19.jpg,Glass,524,524,1.0
/home/user/Desktop/PR_GROUP_ASSIGNMENT/EN3150-Assignment-03/realwaste/realwaste-main/RealWaste/Cardboard/Cardboard_234.jpg,Cardboard,524,524,1.0
/home/user/Desktop/PR_GROUP_ASSIGNMENT/EN3150-Assignment-03/realwaste/realwaste-main/RealWaste/Cardboard/Cardboard_419.jpg,Cardboard,524,524,1.0
/home/user/Desktop/PR_GROUP_ASSIGNMENT/EN3150-Assignment-03/realwaste/realwaste-main/RealWaste/Metal/Metal_405.jpg,Metal,524,524,1.0
/home/user/Desktop/PR_GROUP_ASSIGNMENT/EN3150-Assignment-03/realwaste/realwaste-main/RealWaste/Plastic/Plastic_271.jpg,Plastic,524,524,1.0
/home/user/Desktop/PR_GROUP_ASSIGNMENT/EN3150-Assignment-03/realwaste/realwaste-main/RealWaste/Plastic/Plastic_539.jpg,Plastic,524,524,1.0
/home/user/Desktop/PR_GROUP_ASSIGNMENT/EN3150-Assignment-03/realwaste/realwaste-main/RealWaste/Paper/Paper_77.jpg,Paper,524,524,1.0
/home/user/Desktop/PR_GROUP_ASSIGNMENT/EN3150-Assignment-03/realwaste/realwaste-main/RealWaste/Metal/Metal_130.jpg,Metal,524,524,1.0
/home/user/Desktop/PR_GROUP_ASSIGNMENT/EN3150-Assignment-03/realwaste/realwaste-main/RealWaste/Paper/Paper_7.jpg,Paper,524,524,1.0
/home/user/Desktop/PR_GROUP_ASSIGNMENT/EN3150-Assignment-03/realwaste/realwaste-main/RealWaste/Vegetation/Vegetation_14.jpg,Vegetation,524,524,1.0
/home/user/Desktop/PR_GROUP_ASSIGNMENT/EN3150-Assignment-03/realwaste/realwaste-main/RealWaste/Plastic/Plastic_164.jpg,Plastic,524,524,1.0
/home/user/Desktop/PR_GROUP_ASSIGNMENT/EN3150-Assignment-03/realwaste/realwaste-main/RealWaste/Paper/Paper_197.jpg,Paper,524,524,1.0
/home/user/Desktop/PR_GROUP_ASSIGNMENT/EN3150-Assignment-03/realwaste/realwaste-main/RealWaste/Plastic/Plastic_74.jpg,Plastic,524,524,1.0
/home/user/Desktop/PR_GROUP_ASSIGNMENT/EN3150-Assignment-03/realwaste/realwaste-main/RealWaste/Vegetation/Vegetation_167.jpg,Vegetation,524,524,1.0
/home/user/Desktop/PR_GROUP_ASSIGNMENT/EN3150-Assignment-03/realwaste/realwaste-main/RealWaste/Plastic/Plastic_224.jpg,Plastic,524,524,1.0
/home/user/Desktop/PR_GROUP_ASSIGNMENT/EN3150-Assignment-03/realwaste/realwaste-main/RealWaste/Vegetation/Vegetation_87.jpg,Vegetation,524,524,1.0
/home/user/Desktop/PR_GROUP_ASSIGNMENT/EN3150-Assignment-03/realwaste/realwaste-main/RealWaste/Glass/Glass_278.jpg,Glass,524,524,1.0
/home/user/Desktop/PR_GROUP_ASSIGNMENT/EN3150-Assignment-03/realwaste/realwaste-main/RealWaste/Metal/Metal_267.jpg,Metal,524,524,1.0
/home/user/Desktop/PR_GROUP_ASSIGNMENT/EN3150-Assignment-03/realwaste/realwaste-main/RealWaste/Glass/Glass_231.jpg,Glass,524,524,1.0
/home/user/Desktop/PR_GROUP_ASSIGNMENT/EN3150-Assignment-03/realwaste/realwaste-main/RealWaste/Paper/Paper_266.jpg,Paper,524,524,1.0
/home/user/Desktop/PR_GROUP_ASSIGNMENT/EN3150-Assignment-03/realwaste/realwaste-main/RealWaste/Textile Trash/Textile Trash_130.jpg,Textile Trash,524,524,1.0
/home/user/Desktop/PR_GROUP_ASSIGNMENT/EN3150-Assignment-03/realwaste/realwaste-main/RealWaste/Textile Trash/Textile Trash_228.jpg,Textile Trash,524,524,1.0
/home/user/Desktop/PR_GROUP_ASSIGNMENT/EN3150-Assignment-03/realwaste/realwaste-main/RealWaste/Plastic/Plastic_373.jpg,Plastic,524,524,1.0
/home/user/Desktop/PR_GROUP_ASSIGNMENT/EN3150-Assignment-03/realwaste/realwaste-main/RealWaste/Glass/Glass_35.jpg,Glass,524,524,1.0
/home/user/Desktop/PR_GROUP_ASSIGNMENT/EN3150-Assignment-03/realwaste/realwaste-main/RealWaste/Glass/Glass_109.jpg,Glass,524,524,1.0
/home/user/Desktop/PR_GROUP_ASSIGNMENT/EN3150-Assignment-03/realwaste/realwaste-main/RealWaste/Food Organics/Food Organics_196.jpg,Food Organics,524,524,1.0
/home/user/Desktop/PR_GROUP_ASSIGNMENT/EN3150-Assignment-03/realwaste/realwaste-main/RealWaste/Miscellaneous Trash/Miscellaneous Trash_119.jpg,Miscellaneous Trash,524,524,1.0
/home/user/Desktop/PR_GROUP_ASSIGNMENT/EN3150-Assignment-03/realwaste/realwaste-main/RealWaste/Plastic/Plastic_393.jpg,Plastic,524,524,1.0
/home/user/Desktop/PR_GROUP_ASSIGNMENT/EN3150-Assignment-03/realwaste/realwaste-main/RealWaste/Cardboard/Cardboard_345.jpg,Cardboard,524,524,1.0
/home/user/Desktop/PR_GROUP_ASSIGNMENT/EN3150-Assignment-03/realwaste/realwaste-main/RealWaste/Food Organics/Food Organics_169.jpg,Food Organics,524,524,1.0
/home/user/Desktop/PR_GROUP_ASSIGNMENT/EN3150-Assignment-03/realwaste/realwaste-main/RealWaste/Cardboard/Cardboard_445.jpg,Cardboard,524,524,1.0
/home/user/Desktop/PR_GROUP_ASSIGNMENT/EN3150-Assignment-03/realwaste/realwaste-main/RealWaste/Plastic/Plastic_861.jpg,Plastic,524,524,1.0
/home/user/Desktop/PR_GROUP_ASSIGNMENT/EN3150-Assignment-03/realwaste/realwaste-main/RealWaste/Vegetation/Vegetation_99.jpg,Vegetation,524,524,1.0
/home/user/Desktop/PR_GROUP_ASSIGNMENT/EN3150-Assignment-03/realwaste/realwaste-main/RealWaste/Plastic/Plastic_534.jpg,Plastic,524,524,1.0
/home/user/Desktop/PR_GROUP_ASSIGNMENT/EN3150-Assignment-03/realwaste/realwaste-main/RealWaste/Metal/Metal_133.jpg,Metal,524,524,1.0
/home/user/Desktop/PR_GROUP_ASSIGNMENT/EN3150-Assignment-03/realwaste/realwaste-main/RealWaste/Metal/Metal_156.jpg,Metal,524,524,1.0
/home/user/Desktop/PR_GROUP_ASSIGNMENT/EN3150-Assignment-03/realwaste/realwaste-main/RealWaste/Metal/Metal_667.jpg,Metal,524,524,1.0
/home/user/Desktop/PR_GROUP_ASSIGNMENT/EN3150-Assignment-03/realwaste/realwaste-main/RealWaste/Plastic/Plastic_801.jpg,Plastic,524,524,1.0
/home/user/Desktop/PR_GROUP_ASSIGNMENT/EN3150-Assignment-03/realwaste/realwaste-main/RealWaste/Miscellaneous Trash/Miscellaneous Trash_146.jpg,Miscellaneous Trash,524,524,1.0
/home/user/Desktop/PR_GROUP_ASSIGNMENT/EN3150-Assignment-03/realwaste/realwaste-main/RealWaste/Paper/Paper_145.jpg,Paper,524,524,1.0
/home/user/Desktop/PR_GROUP_ASSIGNMENT/EN3150-Assignment-03/realwaste/realwaste-main/RealWaste/Metal/Metal_482.jpg,Metal,524,524,1.0
/home/user/Desktop/PR_GROUP_ASSIGNMENT/EN3150-Assignment-03/realwaste/realwaste-main/RealWaste/Plastic/Plastic_613.jpg,Plastic,524,524,1.0
/home/user/Desktop/PR_GROUP_ASSIGNMENT/EN3150-Assignment-03/realwaste/realwaste-main/RealWaste/Plastic/Plastic_38.jpg,Plastic,524,524,1.0
/home/user/Desktop/PR_GROUP_ASSIGNMENT/EN3150-Assignment-03/realwaste/realwaste-main/RealWaste/Plastic/Plastic_289.jpg,Plastic,524,524,1.0
/home/user/Desktop/PR_GROUP_ASSIGNMENT/EN3150-Assignment-03/realwaste/realwaste-main/RealWaste/Textile Trash/Textile Trash_132.jpg,Textile Trash,524,524,1.0
/home/user/Desktop/PR_GROUP_ASSIGNMENT/EN3150-Assignment-03/realwaste/realwaste-main/RealWaste/Plastic/Plastic_612.jpg,Plastic,524,524,1.0
/home/user/Desktop/PR_GROUP_ASSIGNMENT/EN3150-Assignment-03/realwaste/realwaste-main/RealWaste/Glass/Glass_250.jpg,Glass,524,524,1.0
/home/user/Desktop/PR_GROUP_ASSIGNMENT/EN3150-Assignment-03/realwaste/realwaste-main/RealWaste/Textile Trash/Textile Trash_167.jpg,Textile Trash,524,524,1.0
/home/user/Desktop/PR_GROUP_ASSIGNMENT/EN3150-Assignment-03/realwaste/realwaste-main/RealWaste/Glass/Glass_297.jpg,Glass,524,524,1.0
/home/user/Desktop/PR_GROUP_ASSIGNMENT/EN3150-Assignment-03/realwaste/realwaste-main/RealWaste/Plastic/Plastic_740.jpg,Plastic,524,524,1.0
/home/user/Desktop/PR_GROUP_ASSIGNMENT/EN3150-Assignment-03/realwaste/realwaste-main/RealWaste/Miscellaneous Trash/Miscellaneous Trash_99.jpg,Miscellaneous Trash,524,524,1.0
/home/user/Desktop/PR_GROUP_ASSIGNMENT/EN3150-Assignment-03/realwaste/realwaste-main/RealWaste/Paper/Paper_274.jpg,Paper,524,524,1.0
/home/user/Desktop/PR_GROUP_ASSIGNMENT/EN3150-Assignment-03/realwaste/realwaste-main/RealWaste/Vegetation/Vegetation_56.jpg,Vegetation,524,524,1.0
/home/user/Desktop/PR_GROUP_ASSIGNMENT/EN3150-Assignment-03/realwaste/realwaste-main/RealWaste/Metal/Metal_708.jpg,Metal,524,524,1.0
/home/user/Desktop/PR_GROUP_ASSIGNMENT/EN3150-Assignment-03/realwaste/realwaste-main/RealWaste/Vegetation/Vegetation_404.jpg,Vegetation,524,524,1.0
/home/user/Desktop/PR_GROUP_ASSIGNMENT/EN3150-Assignment-03/realwaste/realwaste-main/RealWaste/Miscellaneous Trash/Miscellaneous Trash_123.jpg,Miscellaneous Trash,524,524,1.0
/home/user/Desktop/PR_GROUP_ASSIGNMENT/EN3150-Assignment-03/realwaste/realwaste-main/RealWaste/Textile Trash/Textile Trash_124.jpg,Textile Trash,524,524,1.0
/home/user/Desktop/PR_GROUP_ASSIGNMENT/EN3150-Assignment-03/realwaste/realwaste-main/RealWaste/Glass/Glass_17.jpg,Glass,524,524,1.0
/home/user/Desktop/PR_GROUP_ASSIGNMENT/EN3150-Assignment-03/realwaste/realwaste-main/RealWaste/Paper/Paper_19.jpg,Paper,524,524,1.0
/home/user/Desktop/PR_GROUP_ASSIGNMENT/EN3150-Assignment-03/realwaste/realwaste-main/RealWaste/Miscellaneous Trash/Miscellaneous Trash_292.jpg,Miscellaneous Trash,524,524,1.0
/home/user/Desktop/PR_GROUP_ASSIGNMENT/EN3150-Assignment-03/realwaste/realwaste-main/RealWaste/Textile Trash/Textile Trash_144.jpg,Textile Trash,524,524,1.0
/home/user/Desktop/PR_GROUP_ASSIGNMENT/EN3150-Assignment-03/realwaste/realwaste-main/RealWaste/Miscellaneous Trash/Miscellaneous Trash_339.jpg,Miscellaneous Trash,524,524,1.0
/home/user/Desktop/PR_GROUP_ASSIGNMENT/EN3150-Assignment-03/realwaste/realwaste-main/RealWaste/Vegetation/Vegetation_21.jpg,Vegetation,524,524,1.0
/home/user/Desktop/PR_GROUP_ASSIGNMENT/EN3150-Assignment-03/realwaste/realwaste-main/RealWaste/Paper/Paper_44.jpg,Paper,524,524,1.0
/home/user/Desktop/PR_GROUP_ASSIGNMENT/EN3150-Assignment-03/realwaste/realwaste-main/RealWaste/Paper/Paper_41.jpg,Paper,524,524,1.0
/home/user/Desktop/PR_GROUP_ASSIGNMENT/EN3150-Assignment-03/realwaste/realwaste-main/RealWaste/Textile Trash/Textile Trash_236.jpg,Textile Trash,524,524,1.0
/home/user/Desktop/PR_GROUP_ASSIGNMENT/EN3150-Assignment-03/realwaste/realwaste-main/RealWaste/Food Organics/Food Organics_401.jpg,Food Organics,524,524,1.0
/home/user/Desktop/PR_GROUP_ASSIGNMENT/EN3150-Assignment-03/realwaste/realwaste-main/RealWaste/Metal/Metal_570.jpg,Metal,524,524,1.0
/home/user/Desktop/PR_GROUP_ASSIGNMENT/EN3150-Assignment-03/realwaste/realwaste-main/RealWaste/Cardboard/Cardboard_447.jpg,Cardboard,524,524,1.0
/home/user/Desktop/PR_GROUP_ASSIGNMENT/EN3150-Assignment-03/realwaste/realwaste-main/RealWaste/Glass/Glass_195.jpg,Glass,524,524,1.0
/home/user/Desktop/PR_GROUP_ASSIGNMENT/EN3150-Assignment-03/realwaste/realwaste-main/RealWaste/Vegetation/Vegetation_348.jpg,Vegetation,524,524,1.0
/home/user/Desktop/PR_GROUP_ASSIGNMENT/EN3150-Assignment-03/realwaste/realwaste-main/RealWaste/Cardboard/Cardboard_233.jpg,Cardboard,524,524,1.0
/home/user/Desktop/PR_GROUP_ASSIGNMENT/EN3150-Assignment-03/realwaste/realwaste-main/RealWaste/Plastic/Plastic_389.jpg,Plastic,524,524,1.0
/home/user/Desktop/PR_GROUP_ASSIGNMENT/EN3150-Assignment-03/realwaste/realwaste-main/RealWaste/Cardboard/Cardboard_114.jpg,Cardboard,524,524,1.0
/home/user/Desktop/PR_GROUP_ASSIGNMENT/EN3150-Assignment-03/realwaste/realwaste-main/RealWaste/Glass/Glass_14.jpg,Glass,524,524,1.0
/home/user/Desktop/PR_GROUP_ASSIGNMENT/EN3150-Assignment-03/realwaste/realwaste-main/RealWaste/Plastic/Plastic_469.jpg,Plastic,524,524,1.0
/home/user/Desktop/PR_GROUP_ASSIGNMENT/EN3150-Assignment-03/realwaste/realwaste-main/RealWaste/Metal/Metal_545.jpg,Metal,524,524,1.0
/home/user/Desktop/PR_GROUP_ASSIGNMENT/EN3150-Assignment-03/realwaste/realwaste-main/RealWaste/Vegetation/Vegetation_63.jpg,Vegetation,524,524,1.0
/home/user/Desktop/PR_GROUP_ASSIGNMENT/EN3150-Assignment-03/realwaste/realwaste-main/RealWaste/Vegetation/Vegetation_359.jpg,Vegetation,524,524,1.0
/home/user/Desktop/PR_GROUP_ASSIGNMENT/EN3150-Assignment-03/realwaste/realwaste-main/RealWaste/Metal/Metal_442.jpg,Metal,524,524,1.0
/home/user/Desktop/PR_GROUP_ASSIGNMENT/EN3150-Assignment-03/realwaste/realwaste-main/RealWaste/Food Organics/Food Organics_337.jpg,Food Organics,524,524,1.0
/home/user/Desktop/PR_GROUP_ASSIGNMENT/EN3150-Assignment-03/realwaste/realwaste-main/RealWaste/Food Organics/Food Organics_321.jpg,Food Organics,524,524,1.0
/home/user/Desktop/PR_GROUP_ASSIGNMENT/EN3150-Assignment-03/realwaste/realwaste-main/RealWaste/Textile Trash/Textile Trash_217.jpg,Textile Trash,524,524,1.0
/home/user/Desktop/PR_GROUP_ASSIGNMENT/EN3150-Assignment-03/realwaste/realwaste-main/RealWaste/Paper/Paper_312.jpg,Paper,524,524,1.0
/home/user/Desktop/PR_GROUP_ASSIGNMENT/EN3150-Assignment-03/realwaste/realwaste-main/RealWaste/Cardboard/Cardboard_239.jpg,Cardboard,524,524,1.0
/home/user/Desktop/PR_GROUP_ASSIGNMENT/EN3150-Assignment-03/realwaste/realwaste-main/RealWaste/Miscellaneous Trash/Miscellaneous Trash_217.jpg,Miscellaneous Trash,524,524,1.0
/home/user/Desktop/PR_GROUP_ASSIGNMENT/EN3150-Assignment-03/realwaste/realwaste-main/RealWaste/Miscellaneous Trash/Miscellaneous Trash_478.jpg,Miscellaneous Trash,524,524,1.0
/home/user/Desktop/PR_GROUP_ASSIGNMENT/EN3150-Assignment-03/realwaste/realwaste-main/RealWaste/Vegetation/Vegetation_59.jpg,Vegetation,524,524,1.0
/home/user/Desktop/PR_GROUP_ASSIGNMENT/EN3150-Assignment-03/realwaste/realwaste-main/RealWaste/Glass/Glass_87.jpg,Glass,524,524,1.0
/home/user/Desktop/PR_GROUP_ASSIGNMENT/EN3150-Assignment-03/realwaste/realwaste-main/RealWaste/Metal/Metal_40.jpg,Metal,524,524,1.0
/home/user/Desktop/PR_GROUP_ASSIGNMENT/EN3150-Assignment-03/realwaste/realwaste-main/RealWaste/Miscellaneous Trash/Miscellaneous Trash_435.jpg,Miscellaneous Trash,524,524,1.0
/home/user/Desktop/PR_GROUP_ASSIGNMENT/EN3150-Assignment-03/realwaste/realwaste-main/RealWaste/Paper/Paper_27.jpg,Paper,524,524,1.0
/home/user/Desktop/PR_GROUP_ASSIGNMENT/EN3150-Assignment-03/realwaste/realwaste-main/RealWaste/Plastic/Plastic_751.jpg,Plastic,524,524,1.0
/home/user/Desktop/PR_GROUP_ASSIGNMENT/EN3150-Assignment-03/realwaste/realwaste-main/RealWaste/Plastic/Plastic_588.jpg,Plastic,524,524,1.0
/home/user/Desktop/PR_GROUP_ASSIGNMENT/EN3150-Assignment-03/realwaste/realwaste-main/RealWaste/Plastic/Plastic_506.jpg,Plastic,524,524,1.0
/home/user/Desktop/PR_GROUP_ASSIGNMENT/EN3150-Assignment-03/realwaste/realwaste-main/RealWaste/Paper/Paper_234.jpg,Paper,524,524,1.0
/home/user/Desktop/PR_GROUP_ASSIGNMENT/EN3150-Assignment-03/realwaste/realwaste-main/RealWaste/Vegetation/Vegetation_81.jpg,Vegetation,524,524,1.0
/home/user/Desktop/PR_GROUP_ASSIGNMENT/EN3150-Assignment-03/realwaste/realwaste-main/RealWaste/Vegetation/Vegetation_223.jpg,Vegetation,524,524,1.0
/home/user/Desktop/PR_GROUP_ASSIGNMENT/EN3150-Assignment-03/realwaste/realwaste-main/RealWaste/Glass/Glass_122.jpg,Glass,524,524,1.0
/home/user/Desktop/PR_GROUP_ASSIGNMENT/EN3150-Assignment-03/realwaste/realwaste-main/RealWaste/Metal/Metal_37.jpg,Metal,524,524,1.0
/home/user/Desktop/PR_GROUP_ASSIGNMENT/EN3150-Assignment-03/realwaste/realwaste-main/RealWaste/Plastic/Plastic_352.jpg,Plastic,524,524,1.0
/home/user/Desktop/PR_GROUP_ASSIGNMENT/EN3150-Assignment-03/realwaste/realwaste-main/RealWaste/Metal/Metal_18.jpg,Metal,524,524,1.0
/home/user/Desktop/PR_GROUP_ASSIGNMENT/EN3150-Assignment-03/realwaste/realwaste-main/RealWaste/Miscellaneous Trash/Miscellaneous Trash_37.jpg,Miscellaneous Trash,524,524,1.0
/home/user/Desktop/PR_GROUP_ASSIGNMENT/EN3150-Assignment-03/realwaste/realwaste-main/RealWaste/Paper/Paper_448.jpg,Paper,524,524,1.0
/home/user/Desktop/PR_GROUP_ASSIGNMENT/EN3150-Assignment-03/realwaste/realwaste-main/RealWaste/Vegetation/Vegetation_104.jpg,Vegetation,524,524,1.0
/home/user/Desktop/PR_GROUP_ASSIGNMENT/EN3150-Assignment-03/realwaste/realwaste-main/RealWaste/Textile Trash/Textile Trash_138.jpg,Textile Trash,524,524,1.0
/home/user/Desktop/PR_GROUP_ASSIGNMENT/EN3150-Assignment-03/realwaste/realwaste-main/RealWaste/Miscellaneous Trash/Miscellaneous Trash_11.jpg,Miscellaneous Trash,524,524,1.0
/home/user/Desktop/PR_GROUP_ASSIGNMENT/EN3150-Assignment-03/realwaste/realwaste-main/RealWaste/Metal/Metal_643.jpg,Metal,524,524,1.0
/home/user/Desktop/PR_GROUP_ASSIGNMENT/EN3150-Assignment-03/realwaste/realwaste-main/RealWaste/Textile Trash/Textile Trash_260.jpg,Textile Trash,524,524,1.0
/home/user/Desktop/PR_GROUP_ASSIGNMENT/EN3150-Assignment-03/realwaste/realwaste-main/RealWaste/Metal/Metal_651.jpg,Metal,524,524,1.0
/home/user/Desktop/PR_GROUP_ASSIGNMENT/EN3150-Assignment-03/realwaste/realwaste-main/RealWaste/Plastic/Plastic_126.jpg,Plastic,524,524,1.0
/home/user/Desktop/PR_GROUP_ASSIGNMENT/EN3150-Assignment-03/realwaste/realwaste-main/RealWaste/Miscellaneous Trash/Miscellaneous Trash_315.jpg,Miscellaneous Trash,524,524,1.0
/home/user/Desktop/PR_GROUP_ASSIGNMENT/EN3150-Assignment-03/realwaste/realwaste-main/RealWaste/Cardboard/Cardboard_263.jpg,Cardboard,524,524,1.0
/home/user/Desktop/PR_GROUP_ASSIGNMENT/EN3150-Assignment-03/realwaste/realwaste-main/RealWaste/Textile Trash/Textile Trash_63.jpg,Textile Trash,524,524,1.0
/home/user/Desktop/PR_GROUP_ASSIGNMENT/EN3150-Assignment-03/realwaste/realwaste-main/RealWaste/Paper/Paper_170.jpg,Paper,524,524,1.0
/home/user/Desktop/PR_GROUP_ASSIGNMENT/EN3150-Assignment-03/realwaste/realwaste-main/RealWaste/Miscellaneous Trash/Miscellaneous Trash_86.jpg,Miscellaneous Trash,524,524,1.0
/home/user/Desktop/PR_GROUP_ASSIGNMENT/EN3150-Assignment-03/realwaste/realwaste-main/RealWaste/Plastic/Plastic_783.jpg,Plastic,524,524,1.0
/home/user/Desktop/PR_GROUP_ASSIGNMENT/EN3150-Assignment-03/realwaste/realwaste-main/RealWaste/Metal/Metal_429.jpg,Metal,524,524,1.0
/home/user/Desktop/PR_GROUP_ASSIGNMENT/EN3150-Assignment-03/realwaste/realwaste-main/RealWaste/Glass/Glass_68.jpg,Glass,524,524,1.0
/home/user/Desktop/PR_GROUP_ASSIGNMENT/EN3150-Assignment-03/realwaste/realwaste-main/RealWaste/Plastic/Plastic_278.jpg,Plastic,524,524,1.0
/home/user/Desktop/PR_GROUP_ASSIGNMENT/EN3150-Assignment-03/realwaste/realwaste-main/RealWaste/Plastic/Plastic_326.jpg,Plastic,524,524,1.0
/home/user/Desktop/PR_GROUP_ASSIGNMENT/EN3150-Assignment-03/realwaste/realwaste-main/RealWaste/Metal/Metal_489.jpg,Metal,524,524,1.0
/home/user/Desktop/PR_GROUP_ASSIGNMENT/EN3150-Assignment-03/realwaste/realwaste-main/RealWaste/Metal/Metal_147.jpg,Metal,524,524,1.0
/home/user/Desktop/PR_GROUP_ASSIGNMENT/EN3150-Assignment-03/realwaste/realwaste-main/RealWaste/Food Organics/Food Organics_361.jpg,Food Organics,524,524,1.0
/home/user/Desktop/PR_GROUP_ASSIGNMENT/EN3150-Assignment-03/realwaste/realwaste-main/RealWaste/Vegetation/Vegetation_408.jpg,Vegetation,524,524,1.0
/home/user/Desktop/PR_GROUP_ASSIGNMENT/EN3150-Assignment-03/realwaste/realwaste-main/RealWaste/Metal/Metal_189.jpg,Metal,524,524,1.0
/home/user/Desktop/PR_GROUP_ASSIGNMENT/EN3150-Assignment-03/realwaste/realwaste-main/RealWaste/Food Organics/Food Organics_167.jpg,Food Organics,524,524,1.0
/home/user/Desktop/PR_GROUP_ASSIGNMENT/EN3150-Assignment-03/realwaste/realwaste-main/RealWaste/Textile Trash/Textile Trash_286.jpg,Textile Trash,524,524,1.0
/home/user/Desktop/PR_GROUP_ASSIGNMENT/EN3150-Assignment-03/realwaste/realwaste-main/RealWaste/Cardboard/Cardboard_385.jpg,Cardboard,524,524,1.0
/home/user/Desktop/PR_GROUP_ASSIGNMENT/EN3150-Assignment-03/realwaste/realwaste-main/RealWaste/Paper/Paper_263.jpg,Paper,524,524,1.0
/home/user/Desktop/PR_GROUP_ASSIGNMENT/EN3150-Assignment-03/realwaste/realwaste-main/RealWaste/Plastic/Plastic_460.jpg,Plastic,524,524,1.0
/home/user/Desktop/PR_GROUP_ASSIGNMENT/EN3150-Assignment-03/realwaste/realwaste-main/RealWaste/Plastic/Plastic_97.jpg,Plastic,524,524,1.0
/home/user/Desktop/PR_GROUP_ASSIGNMENT/EN3150-Assignment-03/realwaste/realwaste-main/RealWaste/Miscellaneous Trash/Miscellaneous Trash_131.jpg,Miscellaneous Trash,524,524,1.0
/home/user/Desktop/PR_GROUP_ASSIGNMENT/EN3150-Assignment-03/realwaste/realwaste-main/RealWaste/Food Organics/Food Organics_86.jpg,Food Organics,524,524,1.0
/home/user/Desktop/PR_GROUP_ASSIGNMENT/EN3150-Assignment-03/realwaste/realwaste-main/RealWaste/Miscellaneous Trash/Miscellaneous Trash_109.jpg,Miscellaneous Trash,524,524,1.0
/home/user/Desktop/PR_GROUP_ASSIGNMENT/EN3150-Assignment-03/realwaste/realwaste-main/RealWaste/Miscellaneous Trash/Miscellaneous Trash_35.jpg,Miscellaneous Trash,524,524,1.0
/home/user/Desktop/PR_GROUP_ASSIGNMENT/EN3150-Assignment-03/realwaste/realwaste-main/RealWaste/Metal/Metal_217.jpg,Metal,524,524,1.0
/home/user/Desktop/PR_GROUP_ASSIGNMENT/EN3150-Assignment-03/realwaste/realwaste-main/RealWaste/Cardboard/Cardboard_358.jpg,Cardboard,524,524,1.0
/home/user/Desktop/PR_GROUP_ASSIGNMENT/EN3150-Assignment-03/realwaste/realwaste-main/RealWaste/Cardboard/Cardboard_339.jpg,Cardboard,524,524,1.0
/home/user/Desktop/PR_GROUP_ASSIGNMENT/EN3150-Assignment-03/realwaste/realwaste-main/RealWaste/Cardboard/Cardboard_401.jpg,Cardboard,524,524,1.0
/home/user/Desktop/PR_GROUP_ASSIGNMENT/EN3150-Assignment-03/realwaste/realwaste-main/RealWaste/Glass/Glass_341.jpg,Glass,524,524,1.0
/home/user/Desktop/PR_GROUP_ASSIGNMENT/EN3150-Assignment-03/realwaste/realwaste-main/RealWaste/Paper/Paper_344.jpg,Paper,524,524,1.0
/home/user/Desktop/PR_GROUP_ASSIGNMENT/EN3150-Assignment-03/realwaste/realwaste-main/RealWaste/Vegetation/Vegetation_221.jpg,Vegetation,524,524,1.0
/home/user/Desktop/PR_GROUP_ASSIGNMENT/EN3150-Assignment-03/realwaste/realwaste-main/RealWaste/Plastic/Plastic_817.jpg,Plastic,524,524,1.0
/home/user/Desktop/PR_GROUP_ASSIGNMENT/EN3150-Assignment-03/realwaste/realwaste-main/RealWaste/Cardboard/Cardboard_31.jpg,Cardboard,524,524,1.0
/home/user/Desktop/PR_GROUP_ASSIGNMENT/EN3150-Assignment-03/realwaste/realwaste-main/RealWaste/Food Organics/Food Organics_31.jpg,Food Organics,524,524,1.0
/home/user/Desktop/PR_GROUP_ASSIGNMENT/EN3150-Assignment-03/realwaste/realwaste-main/RealWaste/Plastic/Plastic_33.jpg,Plastic,524,524,1.0
/home/user/Desktop/PR_GROUP_ASSIGNMENT/EN3150-Assignment-03/realwaste/realwaste-main/RealWaste/Cardboard/Cardboard_221.jpg,Cardboard,524,524,1.0
/home/user/Desktop/PR_GROUP_ASSIGNMENT/EN3150-Assignment-03/realwaste/realwaste-main/RealWaste/Miscellaneous Trash/Miscellaneous Trash_103.jpg,Miscellaneous Trash,524,524,1.0
/home/user/Desktop/PR_GROUP_ASSIGNMENT/EN3150-Assignment-03/realwaste/realwaste-main/RealWaste/Vegetation/Vegetation_86.jpg,Vegetation,524,524,1.0
/home/user/Desktop/PR_GROUP_ASSIGNMENT/EN3150-Assignment-03/realwaste/realwaste-main/RealWaste/Vegetation/Vegetation_332.jpg,Vegetation,524,524,1.0
/home/user/Desktop/PR_GROUP_ASSIGNMENT/EN3150-Assignment-03/realwaste/realwaste-main/RealWaste/Glass/Glass_269.jpg,Glass,524,524,1.0
/home/user/Desktop/PR_GROUP_ASSIGNMENT/EN3150-Assignment-03/realwaste/realwaste-main/RealWaste/Glass/Glass_32.jpg,Glass,524,524,1.0
/home/user/Desktop/PR_GROUP_ASSIGNMENT/EN3150-Assignment-03/realwaste/realwaste-main/RealWaste/Miscellaneous Trash/Miscellaneous Trash_376.jpg,Miscellaneous Trash,524,524,1.0
/home/user/Desktop/PR_GROUP_ASSIGNMENT/EN3150-Assignment-03/realwaste/realwaste-main/RealWaste/Glass/Glass_334.jpg,Glass,524,524,1.0
/home/user/Desktop/PR_GROUP_ASSIGNMENT/EN3150-Assignment-03/realwaste/realwaste-main/RealWaste/Miscellaneous Trash/Miscellaneous Trash_308.jpg,Miscellaneous Trash,524,524,1.0
/home/user/Desktop/PR_GROUP_ASSIGNMENT/EN3150-Assignment-03/realwaste/realwaste-main/RealWaste/Textile Trash/Textile Trash_152.jpg,Textile Trash,524,524,1.0
/home/user/Desktop/PR_GROUP_ASSIGNMENT/EN3150-Assignment-03/realwaste/realwaste-main/RealWaste/Plastic/Plastic_556.jpg,Plastic,524,524,1.0
/home/user/Desktop/PR_GROUP_ASSIGNMENT/EN3150-Assignment-03/realwaste/realwaste-main/RealWaste/Food Organics/Food Organics_320.jpg,Food Organics,524,524,1.0
/home/user/Desktop/PR_GROUP_ASSIGNMENT/EN3150-Assignment-03/realwaste/realwaste-main/RealWaste/Glass/Glass_317.jpg,Glass,524,524,1.0
/home/user/Desktop/PR_GROUP_ASSIGNMENT/EN3150-Assignment-03/realwaste/realwaste-main/RealWaste/Vegetation/Vegetation_380.jpg,Vegetation,524,524,1.0
/home/user/Desktop/PR_GROUP_ASSIGNMENT/EN3150-Assignment-03/realwaste/realwaste-main/RealWaste/Paper/Paper_74.jpg,Paper,524,524,1.0
/home/user/Desktop/PR_GROUP_ASSIGNMENT/EN3150-Assignment-03/realwaste/realwaste-main/RealWaste/Plastic/Plastic_630.jpg,Plastic,524,524,1.0
/home/user/Desktop/PR_GROUP_ASSIGNMENT/EN3150-Assignment-03/realwaste/realwaste-main/RealWaste/Miscellaneous Trash/Miscellaneous Trash_393.jpg,Miscellaneous Trash,524,524,1.0
/home/user/Desktop/PR_GROUP_ASSIGNMENT/EN3150-Assignment-03/realwaste/realwaste-main/RealWaste/Plastic/Plastic_402.jpg,Plastic,524,524,1.0
/home/user/Desktop/PR_GROUP_ASSIGNMENT/EN3150-Assignment-03/realwaste/realwaste-main/RealWaste/Plastic/Plastic_429.jpg,Plastic,524,524,1.0
/home/user/Desktop/PR_GROUP_ASSIGNMENT/EN3150-Assignment-03/realwaste/realwaste-main/RealWaste/Metal/Metal_277.jpg,Metal,524,524,1.0
/home/user/Desktop/PR_GROUP_ASSIGNMENT/EN3150-Assignment-03/realwaste/realwaste-main/RealWaste/Paper/Paper_488.jpg,Paper,524,524,1.0
/home/user/Desktop/PR_GROUP_ASSIGNMENT/EN3150-Assignment-03/realwaste/realwaste-main/RealWaste/Miscellaneous Trash/Miscellaneous Trash_268.jpg,Miscellaneous Trash,524,524,1.0
/home/user/Desktop/PR_GROUP_ASSIGNMENT/EN3150-Assignment-03/realwaste/realwaste-main/RealWaste/Metal/Metal_726.jpg,Metal,524,524,1.0
/home/user/Desktop/PR_GROUP_ASSIGNMENT/EN3150-Assignment-03/realwaste/realwaste-main/RealWaste/Cardboard/Cardboard_242.jpg,Cardboard,524,524,1.0
/home/user/Desktop/PR_GROUP_ASSIGNMENT/EN3150-Assignment-03/realwaste/realwaste-main/RealWaste/Miscellaneous Trash/Miscellaneous Trash_345.jpg,Miscellaneous Trash,524,524,1.0
/home/user/Desktop/PR_GROUP_ASSIGNMENT/EN3150-Assignment-03/realwaste/realwaste-main/RealWaste/Metal/Metal_698.jpg,Metal,524,524,1.0
/home/user/Desktop/PR_GROUP_ASSIGNMENT/EN3150-Assignment-03/realwaste/realwaste-main/RealWaste/Paper/Paper_108.jpg,Paper,524,524,1.0
/home/user/Desktop/PR_GROUP_ASSIGNMENT/EN3150-Assignment-03/realwaste/realwaste-main/RealWaste/Food Organics/Food Organics_30.jpg,Food Organics,524,524,1.0
/home/user/Desktop/PR_GROUP_ASSIGNMENT/EN3150-Assignment-03/realwaste/realwaste-main/RealWaste/Plastic/Plastic_206.jpg,Plastic,524,524,1.0
/home/user/Desktop/PR_GROUP_ASSIGNMENT/EN3150-Assignment-03/realwaste/realwaste-main/RealWaste/Textile Trash/Textile Trash_189.jpg,Textile Trash,524,524,1.0
/home/user/Desktop/PR_GROUP_ASSIGNMENT/EN3150-Assignment-03/realwaste/realwaste-main/RealWaste/Vegetation/Vegetation_272.jpg,Vegetation,524,524,1.0
/home/user/Desktop/PR_GROUP_ASSIGNMENT/EN3150-Assignment-03/realwaste/realwaste-main/RealWaste/Paper/Paper_302.jpg,Paper,524,524,1.0
/home/user/Desktop/PR_GROUP_ASSIGNMENT/EN3150-Assignment-03/realwaste/realwaste-main/RealWaste/Paper/Paper_184.jpg,Paper,524,524,1.0
/home/user/Desktop/PR_GROUP_ASSIGNMENT/EN3150-Assignment-03/realwaste/realwaste-main/RealWaste/Food Organics/Food Organics_252.jpg,Food Organics,524,524,1.0
/home/user/Desktop/PR_GROUP_ASSIGNMENT/EN3150-Assignment-03/realwaste/realwaste-main/RealWaste/Glass/Glass_148.jpg,Glass,524,524,1.0
/home/user/Desktop/PR_GROUP_ASSIGNMENT/EN3150-Assignment-03/realwaste/realwaste-main/RealWaste/Paper/Paper_469.jpg,Paper,524,524,1.0
/home/user/Desktop/PR_GROUP_ASSIGNMENT/EN3150-Assignment-03/realwaste/realwaste-main/RealWaste/Plastic/Plastic_175.jpg,Plastic,524,524,1.0
/home/user/Desktop/PR_GROUP_ASSIGNMENT/EN3150-Assignment-03/realwaste/realwaste-main/RealWaste/Paper/Paper_144.jpg,Paper,524,524,1.0
/home/user/Desktop/PR_GROUP_ASSIGNMENT/EN3150-Assignment-03/realwaste/realwaste-main/RealWaste/Plastic/Plastic_895.jpg,Plastic,524,524,1.0
/home/user/Desktop/PR_GROUP_ASSIGNMENT/EN3150-Assignment-03/realwaste/realwaste-main/RealWaste/Plastic/Plastic_791.jpg,Plastic,524,524,1.0
/home/user/Desktop/PR_GROUP_ASSIGNMENT/EN3150-Assignment-03/realwaste/realwaste-main/RealWaste/Cardboard/Cardboard_38.jpg,Cardboard,524,524,1.0
/home/user/Desktop/PR_GROUP_ASSIGNMENT/EN3150-Assignment-03/realwaste/realwaste-main/RealWaste/Plastic/Plastic_47.jpg,Plastic,524,524,1.0
/home/user/Desktop/PR_GROUP_ASSIGNMENT/EN3150-Assignment-03/realwaste/realwaste-main/RealWaste/Metal/Metal_268.jpg,Metal,524,524,1.0
/home/user/Desktop/PR_GROUP_ASSIGNMENT/EN3150-Assignment-03/realwaste/realwaste-main/RealWaste/Miscellaneous Trash/Miscellaneous Trash_200.jpg,Miscellaneous Trash,524,524,1.0
/home/user/Desktop/PR_GROUP_ASSIGNMENT/EN3150-Assignment-03/realwaste/realwaste-main/RealWaste/Plastic/Plastic_464.jpg,Plastic,524,524,1.0
/home/user/Desktop/PR_GROUP_ASSIGNMENT/EN3150-Assignment-03/realwaste/realwaste-main/RealWaste/Metal/Metal_56.jpg,Metal,524,524,1.0
/home/user/Desktop/PR_GROUP_ASSIGNMENT/EN3150-Assignment-03/realwaste/realwaste-main/RealWaste/Cardboard/Cardboard_450.jpg,Cardboard,524,524,1.0
/home/user/Desktop/PR_GROUP_ASSIGNMENT/EN3150-Assignment-03/realwaste/realwaste-main/RealWaste/Plastic/Plastic_808.jpg,Plastic,524,524,1.0
/home/user/Desktop/PR_GROUP_ASSIGNMENT/EN3150-Assignment-03/realwaste/realwaste-main/RealWaste/Miscellaneous Trash/Miscellaneous Trash_159.jpg,Miscellaneous Trash,524,524,1.0
/home/user/Desktop/PR_GROUP_ASSIGNMENT/EN3150-Assignment-03/realwaste/realwaste-main/RealWaste/Paper/Paper_370.jpg,Paper,524,524,1.0
/home/user/Desktop/PR_GROUP_ASSIGNMENT/EN3150-Assignment-03/realwaste/realwaste-main/RealWaste/Metal/Metal_469.jpg,Metal,524,524,1.0
/home/user/Desktop/PR_GROUP_ASSIGNMENT/EN3150-Assignment-03/realwaste/realwaste-main/RealWaste/Cardboard/Cardboard_333.jpg,Cardboard,524,524,1.0
/home/user/Desktop/PR_GROUP_ASSIGNMENT/EN3150-Assignment-03/realwaste/realwaste-main/RealWaste/Plastic/Plastic_360.jpg,Plastic,524,524,1.0
/home/user/Desktop/PR_GROUP_ASSIGNMENT/EN3150-Assignment-03/realwaste/realwaste-main/RealWaste/Cardboard/Cardboard_248.jpg,Cardboard,524,524,1.0
/home/user/Desktop/PR_GROUP_ASSIGNMENT/EN3150-Assignment-03/realwaste/realwaste-main/RealWaste/Metal/Metal_105.jpg,Metal,524,524,1.0
/home/user/Desktop/PR_GROUP_ASSIGNMENT/EN3150-Assignment-03/realwaste/realwaste-main/RealWaste/Paper/Paper_437.jpg,Paper,524,524,1.0
/home/user/Desktop/PR_GROUP_ASSIGNMENT/EN3150-Assignment-03/realwaste/realwaste-main/RealWaste/Vegetation/Vegetation_1.jpg,Vegetation,524,524,1.0
/home/user/Desktop/PR_GROUP_ASSIGNMENT/EN3150-Assignment-03/realwaste/realwaste-main/RealWaste/Miscellaneous Trash/Miscellaneous Trash_271.jpg,Miscellaneous Trash,524,524,1.0
/home/user/Desktop/PR_GROUP_ASSIGNMENT/EN3150-Assignment-03/realwaste/realwaste-main/RealWaste/Vegetation/Vegetation_232.jpg,Vegetation,524,524,1.0
/home/user/Desktop/PR_GROUP_ASSIGNMENT/EN3150-Assignment-03/realwaste/realwaste-main/RealWaste/Textile Trash/Textile Trash_240.jpg,Textile Trash,524,524,1.0
/home/user/Desktop/PR_GROUP_ASSIGNMENT/EN3150-Assignment-03/realwaste/realwaste-main/RealWaste/Food Organics/Food Organics_317.jpg,Food Organics,524,524,1.0
/home/user/Desktop/PR_GROUP_ASSIGNMENT/EN3150-Assignment-03/realwaste/realwaste-main/RealWaste/Vegetation/Vegetation_7.jpg,Vegetation,524,524,1.0
/home/user/Desktop/PR_GROUP_ASSIGNMENT/EN3150-Assignment-03/realwaste/realwaste-main/RealWaste/Textile Trash/Textile Trash_35.jpg,Textile Trash,524,524,1.0
/home/user/Desktop/PR_GROUP_ASSIGNMENT/EN3150-Assignment-03/realwaste/realwaste-main/RealWaste/Paper/Paper_272.jpg,Paper,524,524,1.0
/home/user/Desktop/PR_GROUP_ASSIGNMENT/EN3150-Assignment-03/realwaste/realwaste-main/RealWaste/Metal/Metal_518.jpg,Metal,524,524,1.0
/home/user/Desktop/PR_GROUP_ASSIGNMENT/EN3150-Assignment-03/realwaste/realwaste-main/RealWaste/Metal/Metal_756.jpg,Metal,524,524,1.0
/home/user/Desktop/PR_GROUP_ASSIGNMENT/EN3150-Assignment-03/realwaste/realwaste-main/RealWaste/Food Organics/Food Organics_120.jpg,Food Organics,524,524,1.0
/home/user/Desktop/PR_GROUP_ASSIGNMENT/EN3150-Assignment-03/realwaste/realwaste-main/RealWaste/Metal/Metal_485.jpg,Metal,524,524,1.0
/home/user/Desktop/PR_GROUP_ASSIGNMENT/EN3150-Assignment-03/realwaste/realwaste-main/RealWaste/Cardboard/Cardboard_306.jpg,Cardboard,524,524,1.0
/home/user/Desktop/PR_GROUP_ASSIGNMENT/EN3150-Assignment-03/realwaste/realwaste-main/RealWaste/Paper/Paper_82.jpg,Paper,524,524,1.0
/home/user/Desktop/PR_GROUP_ASSIGNMENT/EN3150-Assignment-03/realwaste/realwaste-main/RealWaste/Glass/Glass_412.jpg,Glass,524,524,1.0
/home/user/Desktop/PR_GROUP_ASSIGNMENT/EN3150-Assignment-03/realwaste/realwaste-main/RealWaste/Metal/Metal_430.jpg,Metal,524,524,1.0
/home/user/Desktop/PR_GROUP_ASSIGNMENT/EN3150-Assignment-03/realwaste/realwaste-main/RealWaste/Plastic/Plastic_327.jpg,Plastic,524,524,1.0
/home/user/Desktop/PR_GROUP_ASSIGNMENT/EN3150-Assignment-03/realwaste/realwaste-main/RealWaste/Miscellaneous Trash/Miscellaneous Trash_108.jpg,Miscellaneous Trash,524,524,1.0
/home/user/Desktop/PR_GROUP_ASSIGNMENT/EN3150-Assignment-03/realwaste/realwaste-main/RealWaste/Plastic/Plastic_388.jpg,Plastic,524,524,1.0
/home/user/Desktop/PR_GROUP_ASSIGNMENT/EN3150-Assignment-03/realwaste/realwaste-main/RealWaste/Vegetation/Vegetation_174.jpg,Vegetation,524,524,1.0
/home/user/Desktop/PR_GROUP_ASSIGNMENT/EN3150-Assignment-03/realwaste/realwaste-main/RealWaste/Plastic/Plastic_344.jpg,Plastic,524,524,1.0
/home/user/Desktop/PR_GROUP_ASSIGNMENT/EN3150-Assignment-03/realwaste/realwaste-main/RealWaste/Paper/Paper_4.jpg,Paper,524,524,1.0
/home/user/Desktop/PR_GROUP_ASSIGNMENT/EN3150-Assignment-03/realwaste/realwaste-main/RealWaste/Cardboard/Cardboard_460.jpg,Cardboard,524,524,1.0
/home/user/Desktop/PR_GROUP_ASSIGNMENT/EN3150-Assignment-03/realwaste/realwaste-main/RealWaste/Food Organics/Food Organics_341.jpg,Food Organics,524,524,1.0
/home/user/Desktop/PR_GROUP_ASSIGNMENT/EN3150-Assignment-03/realwaste/realwaste-main/RealWaste/Plastic/Plastic_194.jpg,Plastic,524,524,1.0
/home/user/Desktop/PR_GROUP_ASSIGNMENT/EN3150-Assignment-03/realwaste/realwaste-main/RealWaste/Plastic/Plastic_233.jpg,Plastic,524,524,1.0
/home/user/Desktop/PR_GROUP_ASSIGNMENT/EN3150-Assignment-03/realwaste/realwaste-main/RealWaste/Glass/Glass_115.jpg,Glass,524,524,1.0
/home/user/Desktop/PR_GROUP_ASSIGNMENT/EN3150-Assignment-03/realwaste/realwaste-main/RealWaste/Plastic/Plastic_528.jpg,Plastic,524,524,1.0
/home/user/Desktop/PR_GROUP_ASSIGNMENT/EN3150-Assignment-03/realwaste/realwaste-main/RealWaste/Glass/Glass_396.jpg,Glass,524,524,1.0
/home/user/Desktop/PR_GROUP_ASSIGNMENT/EN3150-Assignment-03/realwaste/realwaste-main/RealWaste/Paper/Paper_204.jpg,Paper,524,524,1.0
/home/user/Desktop/PR_GROUP_ASSIGNMENT/EN3150-Assignment-03/realwaste/realwaste-main/RealWaste/Cardboard/Cardboard_255.jpg,Cardboard,524,524,1.0
/home/user/Desktop/PR_GROUP_ASSIGNMENT/EN3150-Assignment-03/realwaste/realwaste-main/RealWaste/Miscellaneous Trash/Miscellaneous Trash_144.jpg,Miscellaneous Trash,524,524,1.0
/home/user/Desktop/PR_GROUP_ASSIGNMENT/EN3150-Assignment-03/realwaste/realwaste-main/RealWaste/Miscellaneous Trash/Miscellaneous Trash_87.jpg,Miscellaneous Trash,524,524,1.0
/home/user/Desktop/PR_GROUP_ASSIGNMENT/EN3150-Assignment-03/realwaste/realwaste-main/RealWaste/Paper/Paper_402.jpg,Paper,524,524,1.0
/home/user/Desktop/PR_GROUP_ASSIGNMENT/EN3150-Assignment-03/realwaste/realwaste-main/RealWaste/Plastic/Plastic_365.jpg,Plastic,524,524,1.0
/home/user/Desktop/PR_GROUP_ASSIGNMENT/EN3150-Assignment-03/realwaste/realwaste-main/RealWaste/Glass/Glass_344.jpg,Glass,524,524,1.0
/home/user/Desktop/PR_GROUP_ASSIGNMENT/EN3150-Assignment-03/realwaste/realwaste-main/RealWaste/Cardboard/Cardboard_344.jpg,Cardboard,524,524,1.0
/home/user/Desktop/PR_GROUP_ASSIGNMENT/EN3150-Assignment-03/realwaste/realwaste-main/RealWaste/Metal/Metal_205.jpg,Metal,524,524,1.0
/home/user/Desktop/PR_GROUP_ASSIGNMENT/EN3150-Assignment-03/realwaste/realwaste-main/RealWaste/Metal/Metal_774.jpg,Metal,524,524,1.0
/home/user/Desktop/PR_GROUP_ASSIGNMENT/EN3150-Assignment-03/realwaste/realwaste-main/RealWaste/Metal/Metal_419.jpg,Metal,524,524,1.0
/home/user/Desktop/PR_GROUP_ASSIGNMENT/EN3150-Assignment-03/realwaste/realwaste-main/RealWaste/Plastic/Plastic_548.jpg,Plastic,524,524,1.0
/home/user/Desktop/PR_GROUP_ASSIGNMENT/EN3150-Assignment-03/realwaste/realwaste-main/RealWaste/Paper/Paper_247.jpg,Paper,524,524,1.0
/home/user/Desktop/PR_GROUP_ASSIGNMENT/EN3150-Assignment-03/realwaste/realwaste-main/RealWaste/Metal/Metal_201.jpg,Metal,524,524,1.0
/home/user/Desktop/PR_GROUP_ASSIGNMENT/EN3150-Assignment-03/realwaste/realwaste-main/RealWaste/Plastic/Plastic_436.jpg,Plastic,524,524,1.0
/home/user/Desktop/PR_GROUP_ASSIGNMENT/EN3150-Assignment-03/realwaste/realwaste-main/RealWaste/Miscellaneous Trash/Miscellaneous Trash_23.jpg,Miscellaneous Trash,524,524,1.0
/home/user/Desktop/PR_GROUP_ASSIGNMENT/EN3150-Assignment-03/realwaste/realwaste-main/RealWaste/Food Organics/Food Organics_254.jpg,Food Organics,524,524,1.0
/home/user/Desktop/PR_GROUP_ASSIGNMENT/EN3150-Assignment-03/realwaste/realwaste-main/RealWaste/Plastic/Plastic_333.jpg,Plastic,524,524,1.0
/home/user/Desktop/PR_GROUP_ASSIGNMENT/EN3150-Assignment-03/realwaste/realwaste-main/RealWaste/Cardboard/Cardboard_324.jpg,Cardboard,524,524,1.0
/home/user/Desktop/PR_GROUP_ASSIGNMENT/EN3150-Assignment-03/realwaste/realwaste-main/RealWaste/Paper/Paper_339.jpg,Paper,524,524,1.0
/home/user/Desktop/PR_GROUP_ASSIGNMENT/EN3150-Assignment-03/realwaste/realwaste-main/RealWaste/Paper/Paper_68.jpg,Paper,524,524,1.0
/home/user/Desktop/PR_GROUP_ASSIGNMENT/EN3150-Assignment-03/realwaste/realwaste-main/RealWaste/Plastic/Plastic_404.jpg,Plastic,524,524,1.0
/home/user/Desktop/PR_GROUP_ASSIGNMENT/EN3150-Assignment-03/realwaste/realwaste-main/RealWaste/Miscellaneous Trash/Miscellaneous Trash_110.jpg,Miscellaneous Trash,524,524,1.0
/home/user/Desktop/PR_GROUP_ASSIGNMENT/EN3150-Assignment-03/realwaste/realwaste-main/RealWaste/Metal/Metal_695.jpg,Metal,524,524,1.0
/home/user/Desktop/PR_GROUP_ASSIGNMENT/EN3150-Assignment-03/realwaste/realwaste-main/RealWaste/Cardboard/Cardboard_69.jpg,Cardboard,524,524,1.0
/home/user/Desktop/PR_GROUP_ASSIGNMENT/EN3150-Assignment-03/realwaste/realwaste-main/RealWaste/Plastic/Plastic_914.jpg,Plastic,524,524,1.0
/home/user/Desktop/PR_GROUP_ASSIGNMENT/EN3150-Assignment-03/realwaste/realwaste-main/RealWaste/Miscellaneous Trash/Miscellaneous Trash_474.jpg,Miscellaneous Trash,524,524,1.0
/home/user/Desktop/PR_GROUP_ASSIGNMENT/EN3150-Assignment-03/realwaste/realwaste-main/RealWaste/Food Organics/Food Organics_77.jpg,Food Organics,524,524,1.0
/home/user/Desktop/PR_GROUP_ASSIGNMENT/EN3150-Assignment-03/realwaste/realwaste-main/RealWaste/Miscellaneous Trash/Miscellaneous Trash_382.jpg,Miscellaneous Trash,524,524,1.0
/home/user/Desktop/PR_GROUP_ASSIGNMENT/EN3150-Assignment-03/realwaste/realwaste-main/RealWaste/Plastic/Plastic_122.jpg,Plastic,524,524,1.0
/home/user/Desktop/PR_GROUP_ASSIGNMENT/EN3150-Assignment-03/realwaste/realwaste-main/RealWaste/Food Organics/Food Organics_262.jpg,Food Organics,524,524,1.0
/home/user/Desktop/PR_GROUP_ASSIGNMENT/EN3150-Assignment-03/realwaste/realwaste-main/RealWaste/Textile Trash/Textile Trash_302.jpg,Textile Trash,524,524,1.0
/home/user/Desktop/PR_GROUP_ASSIGNMENT/EN3150-Assignment-03/realwaste/realwaste-main/RealWaste/Vegetation/Vegetation_108.jpg,Vegetation,524,524,1.0
/home/user/Desktop/PR_GROUP_ASSIGNMENT/EN3150-Assignment-03/realwaste/realwaste-main/RealWaste/Vegetation/Vegetation_191.jpg,Vegetation,524,524,1.0
/home/user/Desktop/PR_GROUP_ASSIGNMENT/EN3150-Assignment-03/realwaste/realwaste-main/RealWaste/Metal/Metal_79.jpg,Metal,524,524,1.0
/home/user/Desktop/PR_GROUP_ASSIGNMENT/EN3150-Assignment-03/realwaste/realwaste-main/RealWaste/Cardboard/Cardboard_203.jpg,Cardboard,524,524,1.0
/home/user/Desktop/PR_GROUP_ASSIGNMENT/EN3150-Assignment-03/realwaste/realwaste-main/RealWaste/Miscellaneous Trash/Miscellaneous Trash_263.jpg,Miscellaneous Trash,524,524,1.0
/home/user/Desktop/PR_GROUP_ASSIGNMENT/EN3150-Assignment-03/realwaste/realwaste-main/RealWaste/Cardboard/Cardboard_281.jpg,Cardboard,524,524,1.0
/home/user/Desktop/PR_GROUP_ASSIGNMENT/EN3150-Assignment-03/realwaste/realwaste-main/RealWaste/Paper/Paper_56.jpg,Paper,524,524,1.0
/home/user/Desktop/PR_GROUP_ASSIGNMENT/EN3150-Assignment-03/realwaste/realwaste-main/RealWaste/Miscellaneous Trash/Miscellaneous Trash_410.jpg,Miscellaneous Trash,524,524,1.0
/home/user/Desktop/PR_GROUP_ASSIGNMENT/EN3150-Assignment-03/realwaste/realwaste-main/RealWaste/Metal/Metal_522.jpg,Metal,524,524,1.0
/home/user/Desktop/PR_GROUP_ASSIGNMENT/EN3150-Assignment-03/realwaste/realwaste-main/RealWaste/Metal/Metal_609.jpg,Metal,524,524,1.0
/home/user/Desktop/PR_GROUP_ASSIGNMENT/EN3150-Assignment-03/realwaste/realwaste-main/RealWaste/Plastic/Plastic_72.jpg,Plastic,524,524,1.0
/home/user/Desktop/PR_GROUP_ASSIGNMENT/EN3150-Assignment-03/realwaste/realwaste-main/RealWaste/Plastic/Plastic_915.jpg,Plastic,524,524,1.0
/home/user/Desktop/PR_GROUP_ASSIGNMENT/EN3150-Assignment-03/realwaste/realwaste-main/RealWaste/Plastic/Plastic_763.jpg,Plastic,524,524,1.0
/home/user/Desktop/PR_GROUP_ASSIGNMENT/EN3150-Assignment-03/realwaste/realwaste-main/RealWaste/Vegetation/Vegetation_314.jpg,Vegetation,524,524,1.0
/home/user/Desktop/PR_GROUP_ASSIGNMENT/EN3150-Assignment-03/realwaste/realwaste-main/RealWaste/Plastic/Plastic_414.jpg,Plastic,524,524,1.0
/home/user/Desktop/PR_GROUP_ASSIGNMENT/EN3150-Assignment-03/realwaste/realwaste-main/RealWaste/Metal/Metal_685.jpg,Metal,524,524,1.0
/home/user/Desktop/PR_GROUP_ASSIGNMENT/EN3150-Assignment-03/realwaste/realwaste-main/RealWaste/Metal/Metal_655.jpg,Metal,524,524,1.0
/home/user/Desktop/PR_GROUP_ASSIGNMENT/EN3150-Assignment-03/realwaste/realwaste-main/RealWaste/Metal/Metal_707.jpg,Metal,524,524,1.0
/home/user/Desktop/PR_GROUP_ASSIGNMENT/EN3150-Assignment-03/realwaste/realwaste-main/RealWaste/Vegetation/Vegetation_309.jpg,Vegetation,524,524,1.0
/home/user/Desktop/PR_GROUP_ASSIGNMENT/EN3150-Assignment-03/realwaste/realwaste-main/RealWaste/Metal/Metal_459.jpg,Metal,524,524,1.0
/home/user/Desktop/PR_GROUP_ASSIGNMENT/EN3150-Assignment-03/realwaste/realwaste-main/RealWaste/Food Organics/Food Organics_87.jpg,Food Organics,524,524,1.0
/home/user/Desktop/PR_GROUP_ASSIGNMENT/EN3150-Assignment-03/realwaste/realwaste-main/RealWaste/Plastic/Plastic_188.jpg,Plastic,524,524,1.0
/home/user/Desktop/PR_GROUP_ASSIGNMENT/EN3150-Assignment-03/realwaste/realwaste-main/RealWaste/Glass/Glass_196.jpg,Glass,524,524,1.0
/home/user/Desktop/PR_GROUP_ASSIGNMENT/EN3150-Assignment-03/realwaste/realwaste-main/RealWaste/Miscellaneous Trash/Miscellaneous Trash_54.jpg,Miscellaneous Trash,524,524,1.0
/home/user/Desktop/PR_GROUP_ASSIGNMENT/EN3150-Assignment-03/realwaste/realwaste-main/RealWaste/Glass/Glass_3.jpg,Glass,524,524,1.0
/home/user/Desktop/PR_GROUP_ASSIGNMENT/EN3150-Assignment-03/realwaste/realwaste-main/RealWaste/Metal/Metal_444.jpg,Metal,524,524,1.0
/home/user/Desktop/PR_GROUP_ASSIGNMENT/EN3150-Assignment-03/realwaste/realwaste-main/RealWaste/Miscellaneous Trash/Miscellaneous Trash_303.jpg,Miscellaneous Trash,524,524,1.0
/home/user/Desktop/PR_GROUP_ASSIGNMENT/EN3150-Assignment-03/realwaste/realwaste-main/RealWaste/Metal/Metal_151.jpg,Metal,524,524,1.0
/home/user/Desktop/PR_GROUP_ASSIGNMENT/EN3150-Assignment-03/realwaste/realwaste-main/RealWaste/Textile Trash/Textile Trash_38.jpg,Textile Trash,524,524,1.0
/home/user/Desktop/PR_GROUP_ASSIGNMENT/EN3150-Assignment-03/realwaste/realwaste-main/RealWaste/Plastic/Plastic_60.jpg,Plastic,524,524,1.0
/home/user/Desktop/PR_GROUP_ASSIGNMENT/EN3150-Assignment-03/realwaste/realwaste-main/RealWaste/Textile Trash/Textile Trash_116.jpg,Textile Trash,524,524,1.0
/home/user/Desktop/PR_GROUP_ASSIGNMENT/EN3150-Assignment-03/realwaste/realwaste-main/RealWaste/Plastic/Plastic_741.jpg,Plastic,524,524,1.0
/home/user/Desktop/PR_GROUP_ASSIGNMENT/EN3150-Assignment-03/realwaste/realwaste-main/RealWaste/Metal/Metal_478.jpg,Metal,524,524,1.0
/home/user/Desktop/PR_GROUP_ASSIGNMENT/EN3150-Assignment-03/realwaste/realwaste-main/RealWaste/Glass/Glass_71.jpg,Glass,524,524,1.0
/home/user/Desktop/PR_GROUP_ASSIGNMENT/EN3150-Assignment-03/realwaste/realwaste-main/RealWaste/Paper/Paper_471.jpg,Paper,524,524,1.0
/home/user/Desktop/PR_GROUP_ASSIGNMENT/EN3150-Assignment-03/realwaste/realwaste-main/RealWaste/Miscellaneous Trash/Miscellaneous Trash_290.jpg,Miscellaneous Trash,524,524,1.0
/home/user/Desktop/PR_GROUP_ASSIGNMENT/EN3150-Assignment-03/realwaste/realwaste-main/RealWaste/Metal/Metal_314.jpg,Metal,524,524,1.0
/home/user/Desktop/PR_GROUP_ASSIGNMENT/EN3150-Assignment-03/realwaste/realwaste-main/RealWaste/Metal/Metal_401.jpg,Metal,524,524,1.0
/home/user/Desktop/PR_GROUP_ASSIGNMENT/EN3150-Assignment-03/realwaste/realwaste-main/RealWaste/Plastic/Plastic_850.jpg,Plastic,524,524,1.0
/home/user/Desktop/PR_GROUP_ASSIGNMENT/EN3150-Assignment-03/realwaste/realwaste-main/RealWaste/Cardboard/Cardboard_186.jpg,Cardboard,524,524,1.0
/home/user/Desktop/PR_GROUP_ASSIGNMENT/EN3150-Assignment-03/realwaste/realwaste-main/RealWaste/Metal/Metal_633.jpg,Metal,524,524,1.0
/home/user/Desktop/PR_GROUP_ASSIGNMENT/EN3150-Assignment-03/realwaste/realwaste-main/RealWaste/Metal/Metal_237.jpg,Metal,524,524,1.0
/home/user/Desktop/PR_GROUP_ASSIGNMENT/EN3150-Assignment-03/realwaste/realwaste-main/RealWaste/Plastic/Plastic_725.jpg,Plastic,524,524,1.0
/home/user/Desktop/PR_GROUP_ASSIGNMENT/EN3150-Assignment-03/realwaste/realwaste-main/RealWaste/Paper/Paper_91.jpg,Paper,524,524,1.0
/home/user/Desktop/PR_GROUP_ASSIGNMENT/EN3150-Assignment-03/realwaste/realwaste-main/RealWaste/Plastic/Plastic_416.jpg,Plastic,524,524,1.0
/home/user/Desktop/PR_GROUP_ASSIGNMENT/EN3150-Assignment-03/realwaste/realwaste-main/RealWaste/Metal/Metal_365.jpg,Metal,524,524,1.0
/home/user/Desktop/PR_GROUP_ASSIGNMENT/EN3150-Assignment-03/realwaste/realwaste-main/RealWaste/Metal/Metal_21.jpg,Metal,524,524,1.0
/home/user/Desktop/PR_GROUP_ASSIGNMENT/EN3150-Assignment-03/realwaste/realwaste-main/RealWaste/Plastic/Plastic_350.jpg,Plastic,524,524,1.0
/home/user/Desktop/PR_GROUP_ASSIGNMENT/EN3150-Assignment-03/realwaste/realwaste-main/RealWaste/Plastic/Plastic_487.jpg,Plastic,524,524,1.0
/home/user/Desktop/PR_GROUP_ASSIGNMENT/EN3150-Assignment-03/realwaste/realwaste-main/RealWaste/Food Organics/Food Organics_242.jpg,Food Organics,524,524,1.0
/home/user/Desktop/PR_GROUP_ASSIGNMENT/EN3150-Assignment-03/realwaste/realwaste-main/RealWaste/Plastic/Plastic_807.jpg,Plastic,524,524,1.0
/home/user/Desktop/PR_GROUP_ASSIGNMENT/EN3150-Assignment-03/realwaste/realwaste-main/RealWaste/Food Organics/Food Organics_336.jpg,Food Organics,524,524,1.0
/home/user/Desktop/PR_GROUP_ASSIGNMENT/EN3150-Assignment-03/realwaste/realwaste-main/RealWaste/Plastic/Plastic_124.jpg,Plastic,524,524,1.0
/home/user/Desktop/PR_GROUP_ASSIGNMENT/EN3150-Assignment-03/realwaste/realwaste-main/RealWaste/Cardboard/Cardboard_382.jpg,Cardboard,524,524,1.0
/home/user/Desktop/PR_GROUP_ASSIGNMENT/EN3150-Assignment-03/realwaste/realwaste-main/RealWaste/Plastic/Plastic_260.jpg,Plastic,524,524,1.0
/home/user/Desktop/PR_GROUP_ASSIGNMENT/EN3150-Assignment-03/realwaste/realwaste-main/RealWaste/Metal/Metal_144.jpg,Metal,524,524,1.0
/home/user/Desktop/PR_GROUP_ASSIGNMENT/EN3150-Assignment-03/realwaste/realwaste-main/RealWaste/Metal/Metal_681.jpg,Metal,524,524,1.0
/home/user/Desktop/PR_GROUP_ASSIGNMENT/EN3150-Assignment-03/realwaste/realwaste-main/RealWaste/Metal/Metal_318.jpg,Metal,524,524,1.0
/home/user/Desktop/PR_GROUP_ASSIGNMENT/EN3150-Assignment-03/realwaste/realwaste-main/RealWaste/Metal/Metal_709.jpg,Metal,524,524,1.0
/home/user/Desktop/PR_GROUP_ASSIGNMENT/EN3150-Assignment-03/realwaste/realwaste-main/RealWaste/Food Organics/Food Organics_82.jpg,Food Organics,524,524,1.0
/home/user/Desktop/PR_GROUP_ASSIGNMENT/EN3150-Assignment-03/realwaste/realwaste-main/RealWaste/Glass/Glass_282.jpg,Glass,524,524,1.0
/home/user/Desktop/PR_GROUP_ASSIGNMENT/EN3150-Assignment-03/realwaste/realwaste-main/RealWaste/Metal/Metal_719.jpg,Metal,524,524,1.0
/home/user/Desktop/PR_GROUP_ASSIGNMENT/EN3150-Assignment-03/realwaste/realwaste-main/RealWaste/Cardboard/Cardboard_120.jpg,Cardboard,524,524,1.0
/home/user/Desktop/PR_GROUP_ASSIGNMENT/EN3150-Assignment-03/realwaste/realwaste-main/RealWaste/Metal/Metal_227.jpg,Metal,524,524,1.0
/home/user/Desktop/PR_GROUP_ASSIGNMENT/EN3150-Assignment-03/realwaste/realwaste-main/RealWaste/Textile Trash/Textile Trash_143.jpg,Textile Trash,524,524,1.0
/home/user/Desktop/PR_GROUP_ASSIGNMENT/EN3150-Assignment-03/realwaste/realwaste-main/RealWaste/Cardboard/Cardboard_216.jpg,Cardboard,524,524,1.0
/home/user/Desktop/PR_GROUP_ASSIGNMENT/EN3150-Assignment-03/realwaste/realwaste-main/RealWaste/Miscellaneous Trash/Miscellaneous Trash_180.jpg,Miscellaneous Trash,524,524,1.0
/home/user/Desktop/PR_GROUP_ASSIGNMENT/EN3150-Assignment-03/realwaste/realwaste-main/RealWaste/Food Organics/Food Organics_225.jpg,Food Organics,524,524,1.0
/home/user/Desktop/PR_GROUP_ASSIGNMENT/EN3150-Assignment-03/realwaste/realwaste-main/RealWaste/Glass/Glass_215.jpg,Glass,524,524,1.0
/home/user/Desktop/PR_GROUP_ASSIGNMENT/EN3150-Assignment-03/realwaste/realwaste-main/RealWaste/Miscellaneous Trash/Miscellaneous Trash_408.jpg,Miscellaneous Trash,524,524,1.0
/home/user/Desktop/PR_GROUP_ASSIGNMENT/EN3150-Assignment-03/realwaste/realwaste-main/RealWaste/Food Organics/Food Organics_303.jpg,Food Organics,524,524,1.0
/home/user/Desktop/PR_GROUP_ASSIGNMENT/EN3150-Assignment-03/realwaste/realwaste-main/RealWaste/Metal/Metal_102.jpg,Metal,524,524,1.0
/home/user/Desktop/PR_GROUP_ASSIGNMENT/EN3150-Assignment-03/realwaste/realwaste-main/RealWaste/Vegetation/Vegetation_27.jpg,Vegetation,524,524,1.0
/home/user/Desktop/PR_GROUP_ASSIGNMENT/EN3150-Assignment-03/realwaste/realwaste-main/RealWaste/Paper/Paper_252.jpg,Paper,524,524,1.0
/home/user/Desktop/PR_GROUP_ASSIGNMENT/EN3150-Assignment-03/realwaste/realwaste-main/RealWaste/Food Organics/Food Organics_3.jpg,Food Organics,524,524,1.0
/home/user/Desktop/PR_GROUP_ASSIGNMENT/EN3150-Assignment-03/realwaste/realwaste-main/RealWaste/Glass/Glass_302.jpg,Glass,524,524,1.0
/home/user/Desktop/PR_GROUP_ASSIGNMENT/EN3150-Assignment-03/realwaste/realwaste-main/RealWaste/Plastic/Plastic_159.jpg,Plastic,524,524,1.0
/home/user/Desktop/PR_GROUP_ASSIGNMENT/EN3150-Assignment-03/realwaste/realwaste-main/RealWaste/Textile Trash/Textile Trash_109.jpg,Textile Trash,524,524,1.0
/home/user/Desktop/PR_GROUP_ASSIGNMENT/EN3150-Assignment-03/realwaste/realwaste-main/RealWaste/Cardboard/Cardboard_269.jpg,Cardboard,524,524,1.0
/home/user/Desktop/PR_GROUP_ASSIGNMENT/EN3150-Assignment-03/realwaste/realwaste-main/RealWaste/Food Organics/Food Organics_364.jpg,Food Organics,524,524,1.0
/home/user/Desktop/PR_GROUP_ASSIGNMENT/EN3150-Assignment-03/realwaste/realwaste-main/RealWaste/Metal/Metal_171.jpg,Metal,524,524,1.0
/home/user/Desktop/PR_GROUP_ASSIGNMENT/EN3150-Assignment-03/realwaste/realwaste-main/RealWaste/Plastic/Plastic_642.jpg,Plastic,524,524,1.0
/home/user/Desktop/PR_GROUP_ASSIGNMENT/EN3150-Assignment-03/realwaste/realwaste-main/RealWaste/Cardboard/Cardboard_198.jpg,Cardboard,524,524,1.0
/home/user/Desktop/PR_GROUP_ASSIGNMENT/EN3150-Assignment-03/realwaste/realwaste-main/RealWaste/Metal/Metal_13.jpg,Metal,524,524,1.0
/home/user/Desktop/PR_GROUP_ASSIGNMENT/EN3150-Assignment-03/realwaste/realwaste-main/RealWaste/Plastic/Plastic_700.jpg,Plastic,524,524,1.0
/home/user/Desktop/PR_GROUP_ASSIGNMENT/EN3150-Assignment-03/realwaste/realwaste-main/RealWaste/Food Organics/Food Organics_171.jpg,Food Organics,524,524,1.0
/home/user/Desktop/PR_GROUP_ASSIGNMENT/EN3150-Assignment-03/realwaste/realwaste-main/RealWaste/Cardboard/Cardboard_335.jpg,Cardboard,524,524,1.0
/home/user/Desktop/PR_GROUP_ASSIGNMENT/EN3150-Assignment-03/realwaste/realwaste-main/RealWaste/Paper/Paper_278.jpg,Paper,524,524,1.0
/home/user/Desktop/PR_GROUP_ASSIGNMENT/EN3150-Assignment-03/realwaste/realwaste-main/RealWaste/Cardboard/Cardboard_4.jpg,Cardboard,524,524,1.0
/home/user/Desktop/PR_GROUP_ASSIGNMENT/EN3150-Assignment-03/realwaste/realwaste-main/RealWaste/Plastic/Plastic_190.jpg,Plastic,524,524,1.0
/home/user/Desktop/PR_GROUP_ASSIGNMENT/EN3150-Assignment-03/realwaste/realwaste-main/RealWaste/Cardboard/Cardboard_121.jpg,Cardboard,524,524,1.0
/home/user/Desktop/PR_GROUP_ASSIGNMENT/EN3150-Assignment-03/realwaste/realwaste-main/RealWaste/Paper/Paper_440.jpg,Paper,524,524,1.0
/home/user/Desktop/PR_GROUP_ASSIGNMENT/EN3150-Assignment-03/realwaste/realwaste-main/RealWaste/Metal/Metal_3.jpg,Metal,524,524,1.0
/home/user/Desktop/PR_GROUP_ASSIGNMENT/EN3150-Assignment-03/realwaste/realwaste-main/RealWaste/Plastic/Plastic_794.jpg,Plastic,524,524,1.0
/home/user/Desktop/PR_GROUP_ASSIGNMENT/EN3150-Assignment-03/realwaste/realwaste-main/RealWaste/Vegetation/Vegetation_431.jpg,Vegetation,524,524,1.0
/home/user/Desktop/PR_GROUP_ASSIGNMENT/EN3150-Assignment-03/realwaste/realwaste-main/RealWaste/Glass/Glass_164.jpg,Glass,524,524,1.0
/home/user/Desktop/PR_GROUP_ASSIGNMENT/EN3150-Assignment-03/realwaste/realwaste-main/RealWaste/Metal/Metal_87.jpg,Metal,524,524,1.0
/home/user/Desktop/PR_GROUP_ASSIGNMENT/EN3150-Assignment-03/realwaste/realwaste-main/RealWaste/Vegetation/Vegetation_234.jpg,Vegetation,524,524,1.0
/home/user/Desktop/PR_GROUP_ASSIGNMENT/EN3150-Assignment-03/realwaste/realwaste-main/RealWaste/Food Organics/Food Organics_132.jpg,Food Organics,524,524,1.0
/home/user/Desktop/PR_GROUP_ASSIGNMENT/EN3150-Assignment-03/realwaste/realwaste-main/RealWaste/Paper/Paper_451.jpg,Paper,524,524,1.0
/home/user/Desktop/PR_GROUP_ASSIGNMENT/EN3150-Assignment-03/realwaste/realwaste-main/RealWaste/Glass/Glass_358.jpg,Glass,524,524,1.0
/home/user/Desktop/PR_GROUP_ASSIGNMENT/EN3150-Assignment-03/realwaste/realwaste-main/RealWaste/Paper/Paper_320.jpg,Paper,524,524,1.0
/home/user/Desktop/PR_GROUP_ASSIGNMENT/EN3150-Assignment-03/realwaste/realwaste-main/RealWaste/Cardboard/Cardboard_223.jpg,Cardboard,524,524,1.0
/home/user/Desktop/PR_GROUP_ASSIGNMENT/EN3150-Assignment-03/realwaste/realwaste-main/RealWaste/Glass/Glass_316.jpg,Glass,524,524,1.0
/home/user/Desktop/PR_GROUP_ASSIGNMENT/EN3150-Assignment-03/realwaste/realwaste-main/RealWaste/Metal/Metal_788.jpg,Metal,524,524,1.0
/home/user/Desktop/PR_GROUP_ASSIGNMENT/EN3150-Assignment-03/realwaste/realwaste-main/RealWaste/Plastic/Plastic_559.jpg,Plastic,524,524,1.0
/home/user/Desktop/PR_GROUP_ASSIGNMENT/EN3150-Assignment-03/realwaste/realwaste-main/RealWaste/Plastic/Plastic_719.jpg,Plastic,524,524,1.0
/home/user/Desktop/PR_GROUP_ASSIGNMENT/EN3150-Assignment-03/realwaste/realwaste-main/RealWaste/Plastic/Plastic_792.jpg,Plastic,524,524,1.0
/home/user/Desktop/PR_GROUP_ASSIGNMENT/EN3150-Assignment-03/realwaste/realwaste-main/RealWaste/Cardboard/Cardboard_408.jpg,Cardboard,524,524,1.0
/home/user/Desktop/PR_GROUP_ASSIGNMENT/EN3150-Assignment-03/realwaste/realwaste-main/RealWaste/Metal/Metal_123.jpg,Metal,524,524,1.0
/home/user/Desktop/PR_GROUP_ASSIGNMENT/EN3150-Assignment-03/realwaste/realwaste-main/RealWaste/Cardboard/Cardboard_136.jpg,Cardboard,524,524,1.0
/home/user/Desktop/PR_GROUP_ASSIGNMENT/EN3150-Assignment-03/realwaste/realwaste-main/RealWaste/Cardboard/Cardboard_246.jpg,Cardboard,524,524,1.0
/home/user/Desktop/PR_GROUP_ASSIGNMENT/EN3150-Assignment-03/realwaste/realwaste-main/RealWaste/Plastic/Plastic_913.jpg,Plastic,524,524,1.0
/home/user/Desktop/PR_GROUP_ASSIGNMENT/EN3150-Assignment-03/realwaste/realwaste-main/RealWaste/Cardboard/Cardboard_86.jpg,Cardboard,524,524,1.0
/home/user/Desktop/PR_GROUP_ASSIGNMENT/EN3150-Assignment-03/realwaste/realwaste-main/RealWaste/Glass/Glass_200.jpg,Glass,524,524,1.0
/home/user/Desktop/PR_GROUP_ASSIGNMENT/EN3150-Assignment-03/realwaste/realwaste-main/RealWaste/Plastic/Plastic_550.jpg,Plastic,524,524,1.0
/home/user/Desktop/PR_GROUP_ASSIGNMENT/EN3150-Assignment-03/realwaste/realwaste-main/RealWaste/Plastic/Plastic_155.jpg,Plastic,524,524,1.0
/home/user/Desktop/PR_GROUP_ASSIGNMENT/EN3150-Assignment-03/realwaste/realwaste-main/RealWaste/Vegetation/Vegetation_279.jpg,Vegetation,524,524,1.0
/home/user/Desktop/PR_GROUP_ASSIGNMENT/EN3150-Assignment-03/realwaste/realwaste-main/RealWaste/Vegetation/Vegetation_90.jpg,Vegetation,524,524,1.0
/home/user/Desktop/PR_GROUP_ASSIGNMENT/EN3150-Assignment-03/realwaste/realwaste-main/RealWaste/Paper/Paper_222.jpg,Paper,524,524,1.0
/home/user/Desktop/PR_GROUP_ASSIGNMENT/EN3150-Assignment-03/realwaste/realwaste-main/RealWaste/Metal/Metal_77.jpg,Metal,524,524,1.0
/home/user/Desktop/PR_GROUP_ASSIGNMENT/EN3150-Assignment-03/realwaste/realwaste-main/RealWaste/Miscellaneous Trash/Miscellaneous Trash_425.jpg,Miscellaneous Trash,524,524,1.0
/home/user/Desktop/PR_GROUP_ASSIGNMENT/EN3150-Assignment-03/realwaste/realwaste-main/RealWaste/Glass/Glass_384.jpg,Glass,524,524,1.0
/home/user/Desktop/PR_GROUP_ASSIGNMENT/EN3150-Assignment-03/realwaste/realwaste-main/RealWaste/Miscellaneous Trash/Miscellaneous Trash_452.jpg,Miscellaneous Trash,524,524,1.0
/home/user/Desktop/PR_GROUP_ASSIGNMENT/EN3150-Assignment-03/realwaste/realwaste-main/RealWaste/Vegetation/Vegetation_93.jpg,Vegetation,524,524,1.0
/home/user/Desktop/PR_GROUP_ASSIGNMENT/EN3150-Assignment-03/realwaste/realwaste-main/RealWaste/Metal/Metal_155.jpg,Metal,524,524,1.0
/home/user/Desktop/PR_GROUP_ASSIGNMENT/EN3150-Assignment-03/realwaste/realwaste-main/RealWaste/Food Organics/Food Organics_115.jpg,Food Organics,524,524,1.0
/home/user/Desktop/PR_GROUP_ASSIGNMENT/EN3150-Assignment-03/realwaste/realwaste-main/RealWaste/Paper/Paper_81.jpg,Paper,524,524,1.0
/home/user/Desktop/PR_GROUP_ASSIGNMENT/EN3150-Assignment-03/realwaste/realwaste-main/RealWaste/Vegetation/Vegetation_247.jpg,Vegetation,524,524,1.0
/home/user/Desktop/PR_GROUP_ASSIGNMENT/EN3150-Assignment-03/realwaste/realwaste-main/RealWaste/Miscellaneous Trash/Miscellaneous Trash_80.jpg,Miscellaneous Trash,524,524,1.0
/home/user/Desktop/PR_GROUP_ASSIGNMENT/EN3150-Assignment-03/realwaste/realwaste-main/RealWaste/Metal/Metal_296.jpg,Metal,524,524,1.0
/home/user/Desktop/PR_GROUP_ASSIGNMENT/EN3150-Assignment-03/realwaste/realwaste-main/RealWaste/Plastic/Plastic_905.jpg,Plastic,524,524,1.0
/home/user/Desktop/PR_GROUP_ASSIGNMENT/EN3150-Assignment-03/realwaste/realwaste-main/RealWaste/Paper/Paper_371.jpg,Paper,524,524,1.0
/home/user/Desktop/PR_GROUP_ASSIGNMENT/EN3150-Assignment-03/realwaste/realwaste-main/RealWaste/Cardboard/Cardboard_314.jpg,Cardboard,524,524,1.0
/home/user/Desktop/PR_GROUP_ASSIGNMENT/EN3150-Assignment-03/realwaste/realwaste-main/RealWaste/Glass/Glass_144.jpg,Glass,524,524,1.0
/home/user/Desktop/PR_GROUP_ASSIGNMENT/EN3150-Assignment-03/realwaste/realwaste-main/RealWaste/Food Organics/Food Organics_359.jpg,Food Organics,524,524,1.0
/home/user/Desktop/PR_GROUP_ASSIGNMENT/EN3150-Assignment-03/realwaste/realwaste-main/RealWaste/Glass/Glass_284.jpg,Glass,524,524,1.0
/home/user/Desktop/PR_GROUP_ASSIGNMENT/EN3150-Assignment-03/realwaste/realwaste-main/RealWaste/Paper/Paper_31.jpg,Paper,524,524,1.0
/home/user/Desktop/PR_GROUP_ASSIGNMENT/EN3150-Assignment-03/realwaste/realwaste-main/RealWaste/Vegetation/Vegetation_152.jpg,Vegetation,524,524,1.0
/home/user/Desktop/PR_GROUP_ASSIGNMENT/EN3150-Assignment-03/realwaste/realwaste-main/RealWaste/Cardboard/Cardboard_458.jpg,Cardboard,524,524,1.0
/home/user/Desktop/PR_GROUP_ASSIGNMENT/EN3150-Assignment-03/realwaste/realwaste-main/RealWaste/Metal/Metal_177.jpg,Metal,524,524,1.0
/home/user/Desktop/PR_GROUP_ASSIGNMENT/EN3150-Assignment-03/realwaste/realwaste-main/RealWaste/Food Organics/Food Organics_29.jpg,Food Organics,524,524,1.0
/home/user/Desktop/PR_GROUP_ASSIGNMENT/EN3150-Assignment-03/realwaste/realwaste-main/RealWaste/Food Organics/Food Organics_96.jpg,Food Organics,524,524,1.0
/home/user/Desktop/PR_GROUP_ASSIGNMENT/EN3150-Assignment-03/realwaste/realwaste-main/RealWaste/Miscellaneous Trash/Miscellaneous Trash_252.jpg,Miscellaneous Trash,524,524,1.0
/home/user/Desktop/PR_GROUP_ASSIGNMENT/EN3150-Assignment-03/realwaste/realwaste-main/RealWaste/Metal/Metal_648.jpg,Metal,524,524,1.0
/home/user/Desktop/PR_GROUP_ASSIGNMENT/EN3150-Assignment-03/realwaste/realwaste-main/RealWaste/Glass/Glass_172.jpg,Glass,524,524,1.0
/home/user/Desktop/PR_GROUP_ASSIGNMENT/EN3150-Assignment-03/realwaste/realwaste-main/RealWaste/Metal/Metal_493.jpg,Metal,524,524,1.0
/home/user/Desktop/PR_GROUP_ASSIGNMENT/EN3150-Assignment-03/realwaste/realwaste-main/RealWaste/Food Organics/Food Organics_119.jpg,Food Organics,524,524,1.0
/home/user/Desktop/PR_GROUP_ASSIGNMENT/EN3150-Assignment-03/realwaste/realwaste-main/RealWaste/Vegetation/Vegetation_157.jpg,Vegetation,524,524,1.0
/home/user/Desktop/PR_GROUP_ASSIGNMENT/EN3150-Assignment-03/realwaste/realwaste-main/RealWaste/Miscellaneous Trash/Miscellaneous Trash_492.jpg,Miscellaneous Trash,524,524,1.0
/home/user/Desktop/PR_GROUP_ASSIGNMENT/EN3150-Assignment-03/realwaste/realwaste-main/RealWaste/Metal/Metal_202.jpg,Metal,524,524,1.0
/home/user/Desktop/PR_GROUP_ASSIGNMENT/EN3150-Assignment-03/realwaste/realwaste-main/RealWaste/Miscellaneous Trash/Miscellaneous Trash_349.jpg,Miscellaneous Trash,524,524,1.0
/home/user/Desktop/PR_GROUP_ASSIGNMENT/EN3150-Assignment-03/realwaste/realwaste-main/RealWaste/Paper/Paper_135.jpg,Paper,524,524,1.0
/home/user/Desktop/PR_GROUP_ASSIGNMENT/EN3150-Assignment-03/realwaste/realwaste-main/RealWaste/Paper/Paper_456.jpg,Paper,524,524,1.0
/home/user/Desktop/PR_GROUP_ASSIGNMENT/EN3150-Assignment-03/realwaste/realwaste-main/RealWaste/Plastic/Plastic_762.jpg,Plastic,524,524,1.0
/home/user/Desktop/PR_GROUP_ASSIGNMENT/EN3150-Assignment-03/realwaste/realwaste-main/RealWaste/Miscellaneous Trash/Miscellaneous Trash_187.jpg,Miscellaneous Trash,524,524,1.0
/home/user/Desktop/PR_GROUP_ASSIGNMENT/EN3150-Assignment-03/realwaste/realwaste-main/RealWaste/Glass/Glass_132.jpg,Glass,524,524,1.0
/home/user/Desktop/PR_GROUP_ASSIGNMENT/EN3150-Assignment-03/realwaste/realwaste-main/RealWaste/Metal/Metal_43.jpg,Metal,524,524,1.0
/home/user/Desktop/PR_GROUP_ASSIGNMENT/EN3150-Assignment-03/realwaste/realwaste-main/RealWaste/Glass/Glass_74.jpg,Glass,524,524,1.0
/home/user/Desktop/PR_GROUP_ASSIGNMENT/EN3150-Assignment-03/realwaste/realwaste-main/RealWaste/Miscellaneous Trash/Miscellaneous Trash_355.jpg,Miscellaneous Trash,524,524,1.0
/home/user/Desktop/PR_GROUP_ASSIGNMENT/EN3150-Assignment-03/realwaste/realwaste-main/RealWaste/Miscellaneous Trash/Miscellaneous Trash_224.jpg,Miscellaneous Trash,524,524,1.0
/home/user/Desktop/PR_GROUP_ASSIGNMENT/EN3150-Assignment-03/realwaste/realwaste-main/RealWaste/Vegetation/Vegetation_316.jpg,Vegetation,524,524,1.0
/home/user/Desktop/PR_GROUP_ASSIGNMENT/EN3150-Assignment-03/realwaste/realwaste-main/RealWaste/Cardboard/Cardboard_99.jpg,Cardboard,524,524,1.0
/home/user/Desktop/PR_GROUP_ASSIGNMENT/EN3150-Assignment-03/realwaste/realwaste-main/RealWaste/Glass/Glass_5.jpg,Glass,524,524,1.0
/home/user/Desktop/PR_GROUP_ASSIGNMENT/EN3150-Assignment-03/realwaste/realwaste-main/RealWaste/Food Organics/Food Organics_95.jpg,Food Organics,524,524,1.0
/home/user/Desktop/PR_GROUP_ASSIGNMENT/EN3150-Assignment-03/realwaste/realwaste-main/RealWaste/Paper/Paper_265.jpg,Paper,524,524,1.0
/home/user/Desktop/PR_GROUP_ASSIGNMENT/EN3150-Assignment-03/realwaste/realwaste-main/RealWaste/Paper/Paper_96.jpg,Paper,524,524,1.0
/home/user/Desktop/PR_GROUP_ASSIGNMENT/EN3150-Assignment-03/realwaste/realwaste-main/RealWaste/Vegetation/Vegetation_295.jpg,Vegetation,524,524,1.0
/home/user/Desktop/PR_GROUP_ASSIGNMENT/EN3150-Assignment-03/realwaste/realwaste-main/RealWaste/Paper/Paper_92.jpg,Paper,524,524,1.0
/home/user/Desktop/PR_GROUP_ASSIGNMENT/EN3150-Assignment-03/realwaste/realwaste-main/RealWaste/Food Organics/Food Organics_408.jpg,Food Organics,524,524,1.0
/home/user/Desktop/PR_GROUP_ASSIGNMENT/EN3150-Assignment-03/realwaste/realwaste-main/RealWaste/Paper/Paper_423.jpg,Paper,524,524,1.0
/home/user/Desktop/PR_GROUP_ASSIGNMENT/EN3150-Assignment-03/realwaste/realwaste-main/RealWaste/Vegetation/Vegetation_22.jpg,Vegetation,524,524,1.0
/home/user/Desktop/PR_GROUP_ASSIGNMENT/EN3150-Assignment-03/realwaste/realwaste-main/RealWaste/Glass/Glass_265.jpg,Glass,524,524,1.0
/home/user/Desktop/PR_GROUP_ASSIGNMENT/EN3150-Assignment-03/realwaste/realwaste-main/RealWaste/Metal/Metal_583.jpg,Metal,524,524,1.0
/home/user/Desktop/PR_GROUP_ASSIGNMENT/EN3150-Assignment-03/realwaste/realwaste-main/RealWaste/Textile Trash/Textile Trash_269.jpg,Textile Trash,524,524,1.0
/home/user/Desktop/PR_GROUP_ASSIGNMENT/EN3150-Assignment-03/realwaste/realwaste-main/RealWaste/Metal/Metal_194.jpg,Metal,524,524,1.0
/home/user/Desktop/PR_GROUP_ASSIGNMENT/EN3150-Assignment-03/realwaste/realwaste-main/RealWaste/Food Organics/Food Organics_158.jpg,Food Organics,524,524,1.0
/home/user/Desktop/PR_GROUP_ASSIGNMENT/EN3150-Assignment-03/realwaste/realwaste-main/RealWaste/Plastic/Plastic_287.jpg,Plastic,524,524,1.0
/home/user/Desktop/PR_GROUP_ASSIGNMENT/EN3150-Assignment-03/realwaste/realwaste-main/RealWaste/Paper/Paper_473.jpg,Paper,524,524,1.0
/home/user/Desktop/PR_GROUP_ASSIGNMENT/EN3150-Assignment-03/realwaste/realwaste-main/RealWaste/Vegetation/Vegetation_148.jpg,Vegetation,524,524,1.0
/home/user/Desktop/PR_GROUP_ASSIGNMENT/EN3150-Assignment-03/realwaste/realwaste-main/RealWaste/Plastic/Plastic_757.jpg,Plastic,524,524,1.0
/home/user/Desktop/PR_GROUP_ASSIGNMENT/EN3150-Assignment-03/realwaste/realwaste-main/RealWaste/Vegetation/Vegetation_203.jpg,Vegetation,524,524,1.0
/home/user/Desktop/PR_GROUP_ASSIGNMENT/EN3150-Assignment-03/realwaste/realwaste-main/RealWaste/Glass/Glass_304.jpg,Glass,524,524,1.0
/home/user/Desktop/PR_GROUP_ASSIGNMENT/EN3150-Assignment-03/realwaste/realwaste-main/RealWaste/Cardboard/Cardboard_144.jpg,Cardboard,524,524,1.0
/home/user/Desktop/PR_GROUP_ASSIGNMENT/EN3150-Assignment-03/realwaste/realwaste-main/RealWaste/Metal/Metal_190.jpg,Metal,524,524,1.0
/home/user/Desktop/PR_GROUP_ASSIGNMENT/EN3150-Assignment-03/realwaste/realwaste-main/RealWaste/Textile Trash/Textile Trash_21.jpg,Textile Trash,524,524,1.0
/home/user/Desktop/PR_GROUP_ASSIGNMENT/EN3150-Assignment-03/realwaste/realwaste-main/RealWaste/Plastic/Plastic_883.jpg,Plastic,524,524,1.0
/home/user/Desktop/PR_GROUP_ASSIGNMENT/EN3150-Assignment-03/realwaste/realwaste-main/RealWaste/Plastic/Plastic_331.jpg,Plastic,524,524,1.0
/home/user/Desktop/PR_GROUP_ASSIGNMENT/EN3150-Assignment-03/realwaste/realwaste-main/RealWaste/Plastic/Plastic_5.jpg,Plastic,524,524,1.0
/home/user/Desktop/PR_GROUP_ASSIGNMENT/EN3150-Assignment-03/realwaste/realwaste-main/RealWaste/Metal/Metal_254.jpg,Metal,524,524,1.0
/home/user/Desktop/PR_GROUP_ASSIGNMENT/EN3150-Assignment-03/realwaste/realwaste-main/RealWaste/Plastic/Plastic_624.jpg,Plastic,524,524,1.0
/home/user/Desktop/PR_GROUP_ASSIGNMENT/EN3150-Assignment-03/realwaste/realwaste-main/RealWaste/Cardboard/Cardboard_36.jpg,Cardboard,524,524,1.0
/home/user/Desktop/PR_GROUP_ASSIGNMENT/EN3150-Assignment-03/realwaste/realwaste-main/RealWaste/Vegetation/Vegetation_302.jpg,Vegetation,524,524,1.0
/home/user/Desktop/PR_GROUP_ASSIGNMENT/EN3150-Assignment-03/realwaste/realwaste-main/RealWaste/Plastic/Plastic_437.jpg,Plastic,524,524,1.0
/home/user/Desktop/PR_GROUP_ASSIGNMENT/EN3150-Assignment-03/realwaste/realwaste-main/RealWaste/Miscellaneous Trash/Miscellaneous Trash_132.jpg,Miscellaneous Trash,524,524,1.0
/home/user/Desktop/PR_GROUP_ASSIGNMENT/EN3150-Assignment-03/realwaste/realwaste-main/RealWaste/Food Organics/Food Organics_200.jpg,Food Organics,524,524,1.0
/home/user/Desktop/PR_GROUP_ASSIGNMENT/EN3150-Assignment-03/realwaste/realwaste-main/RealWaste/Textile Trash/Textile Trash_224.jpg,Textile Trash,524,524,1.0
/home/user/Desktop/PR_GROUP_ASSIGNMENT/EN3150-Assignment-03/realwaste/realwaste-main/RealWaste/Metal/Metal_398.jpg,Metal,524,524,1.0
/home/user/Desktop/PR_GROUP_ASSIGNMENT/EN3150-Assignment-03/realwaste/realwaste-main/RealWaste/Glass/Glass_101.jpg,Glass,524,524,1.0
/home/user/Desktop/PR_GROUP_ASSIGNMENT/EN3150-Assignment-03/realwaste/realwaste-main/RealWaste/Glass/Glass_140.jpg,Glass,524,524,1.0
/home/user/Desktop/PR_GROUP_ASSIGNMENT/EN3150-Assignment-03/realwaste/realwaste-main/RealWaste/Metal/Metal_766.jpg,Metal,524,524,1.0
/home/user/Desktop/PR_GROUP_ASSIGNMENT/EN3150-Assignment-03/realwaste/realwaste-main/RealWaste/Glass/Glass_162.jpg,Glass,524,524,1.0
/home/user/Desktop/PR_GROUP_ASSIGNMENT/EN3150-Assignment-03/realwaste/realwaste-main/RealWaste/Textile Trash/Textile Trash_59.jpg,Textile Trash,524,524,1.0
/home/user/Desktop/PR_GROUP_ASSIGNMENT/EN3150-Assignment-03/realwaste/realwaste-main/RealWaste/Vegetation/Vegetation_134.jpg,Vegetation,524,524,1.0
/home/user/Desktop/PR_GROUP_ASSIGNMENT/EN3150-Assignment-03/realwaste/realwaste-main/RealWaste/Metal/Metal_664.jpg,Metal,524,524,1.0
/home/user/Desktop/PR_GROUP_ASSIGNMENT/EN3150-Assignment-03/realwaste/realwaste-main/RealWaste/Paper/Paper_121.jpg,Paper,524,524,1.0
/home/user/Desktop/PR_GROUP_ASSIGNMENT/EN3150-Assignment-03/realwaste/realwaste-main/RealWaste/Cardboard/Cardboard_279.jpg,Cardboard,524,524,1.0
/home/user/Desktop/PR_GROUP_ASSIGNMENT/EN3150-Assignment-03/realwaste/realwaste-main/RealWaste/Cardboard/Cardboard_261.jpg,Cardboard,524,524,1.0
/home/user/Desktop/PR_GROUP_ASSIGNMENT/EN3150-Assignment-03/realwaste/realwaste-main/RealWaste/Paper/Paper_104.jpg,Paper,524,524,1.0
/home/user/Desktop/PR_GROUP_ASSIGNMENT/EN3150-Assignment-03/realwaste/realwaste-main/RealWaste/Glass/Glass_326.jpg,Glass,524,524,1.0
/home/user/Desktop/PR_GROUP_ASSIGNMENT/EN3150-Assignment-03/realwaste/realwaste-main/RealWaste/Textile Trash/Textile Trash_126.jpg,Textile Trash,524,524,1.0
/home/user/Desktop/PR_GROUP_ASSIGNMENT/EN3150-Assignment-03/realwaste/realwaste-main/RealWaste/Miscellaneous Trash/Miscellaneous Trash_49.jpg,Miscellaneous Trash,524,524,1.0
/home/user/Desktop/PR_GROUP_ASSIGNMENT/EN3150-Assignment-03/realwaste/realwaste-main/RealWaste/Plastic/Plastic_141.jpg,Plastic,524,524,1.0
/home/user/Desktop/PR_GROUP_ASSIGNMENT/EN3150-Assignment-03/realwaste/realwaste-main/RealWaste/Cardboard/Cardboard_442.jpg,Cardboard,524,524,1.0
/home/user/Desktop/PR_GROUP_ASSIGNMENT/EN3150-Assignment-03/realwaste/realwaste-main/RealWaste/Food Organics/Food Organics_99.jpg,Food Organics,524,524,1.0
/home/user/Desktop/PR_GROUP_ASSIGNMENT/EN3150-Assignment-03/realwaste/realwaste-main/RealWaste/Plastic/Plastic_819.jpg,Plastic,524,524,1.0
/home/user/Desktop/PR_GROUP_ASSIGNMENT/EN3150-Assignment-03/realwaste/realwaste-main/RealWaste/Plastic/Plastic_516.jpg,Plastic,524,524,1.0
/home/user/Desktop/PR_GROUP_ASSIGNMENT/EN3150-Assignment-03/realwaste/realwaste-main/RealWaste/Plastic/Plastic_82.jpg,Plastic,524,524,1.0
/home/user/Desktop/PR_GROUP_ASSIGNMENT/EN3150-Assignment-03/realwaste/realwaste-main/RealWaste/Metal/Metal_204.jpg,Metal,524,524,1.0
/home/user/Desktop/PR_GROUP_ASSIGNMENT/EN3150-Assignment-03/realwaste/realwaste-main/RealWaste/Plastic/Plastic_820.jpg,Plastic,524,524,1.0
/home/user/Desktop/PR_GROUP_ASSIGNMENT/EN3150-Assignment-03/realwaste/realwaste-main/RealWaste/Food Organics/Food Organics_397.jpg,Food Organics,524,524,1.0
/home/user/Desktop/PR_GROUP_ASSIGNMENT/EN3150-Assignment-03/realwaste/realwaste-main/RealWaste/Paper/Paper_63.jpg,Paper,524,524,1.0
/home/user/Desktop/PR_GROUP_ASSIGNMENT/EN3150-Assignment-03/realwaste/realwaste-main/RealWaste/Textile Trash/Textile Trash_91.jpg,Textile Trash,524,524,1.0
/home/user/Desktop/PR_GROUP_ASSIGNMENT/EN3150-Assignment-03/realwaste/realwaste-main/RealWaste/Plastic/Plastic_131.jpg,Plastic,524,524,1.0
/home/user/Desktop/PR_GROUP_ASSIGNMENT/EN3150-Assignment-03/realwaste/realwaste-main/RealWaste/Metal/Metal_789.jpg,Metal,524,524,1.0
/home/user/Desktop/PR_GROUP_ASSIGNMENT/EN3150-Assignment-03/realwaste/realwaste-main/RealWaste/Paper/Paper_380.jpg,Paper,524,524,1.0
/home/user/Desktop/PR_GROUP_ASSIGNMENT/EN3150-Assignment-03/realwaste/realwaste-main/RealWaste/Food Organics/Food Organics_63.jpg,Food Organics,524,524,1.0
/home/user/Desktop/PR_GROUP_ASSIGNMENT/EN3150-Assignment-03/realwaste/realwaste-main/RealWaste/Metal/Metal_591.jpg,Metal,524,524,1.0
/home/user/Desktop/PR_GROUP_ASSIGNMENT/EN3150-Assignment-03/realwaste/realwaste-main/RealWaste/Paper/Paper_241.jpg,Paper,524,524,1.0
/home/user/Desktop/PR_GROUP_ASSIGNMENT/EN3150-Assignment-03/realwaste/realwaste-main/RealWaste/Metal/Metal_285.jpg,Metal,524,524,1.0
/home/user/Desktop/PR_GROUP_ASSIGNMENT/EN3150-Assignment-03/realwaste/realwaste-main/RealWaste/Plastic/Plastic_728.jpg,Plastic,524,524,1.0
/home/user/Desktop/PR_GROUP_ASSIGNMENT/EN3150-Assignment-03/realwaste/realwaste-main/RealWaste/Metal/Metal_220.jpg,Metal,524,524,1.0
/home/user/Desktop/PR_GROUP_ASSIGNMENT/EN3150-Assignment-03/realwaste/realwaste-main/RealWaste/Glass/Glass_58.jpg,Glass,524,524,1.0
/home/user/Desktop/PR_GROUP_ASSIGNMENT/EN3150-Assignment-03/realwaste/realwaste-main/RealWaste/Vegetation/Vegetation_43.jpg,Vegetation,524,524,1.0
/home/user/Desktop/PR_GROUP_ASSIGNMENT/EN3150-Assignment-03/realwaste/realwaste-main/RealWaste/Plastic/Plastic_484.jpg,Plastic,524,524,1.0
/home/user/Desktop/PR_GROUP_ASSIGNMENT/EN3150-Assignment-03/realwaste/realwaste-main/RealWaste/Miscellaneous Trash/Miscellaneous Trash_240.jpg,Miscellaneous Trash,524,524,1.0
/home/user/Desktop/PR_GROUP_ASSIGNMENT/EN3150-Assignment-03/realwaste/realwaste-main/RealWaste/Plastic/Plastic_900.jpg,Plastic,524,524,1.0
/home/user/Desktop/PR_GROUP_ASSIGNMENT/EN3150-Assignment-03/realwaste/realwaste-main/RealWaste/Cardboard/Cardboard_369.jpg,Cardboard,524,524,1.0
/home/user/Desktop/PR_GROUP_ASSIGNMENT/EN3150-Assignment-03/realwaste/realwaste-main/RealWaste/Vegetation/Vegetation_57.jpg,Vegetation,524,524,1.0
/home/user/Desktop/PR_GROUP_ASSIGNMENT/EN3150-Assignment-03/realwaste/realwaste-main/RealWaste/Miscellaneous Trash/Miscellaneous Trash_415.jpg,Miscellaneous Trash,524,524,1.0
/home/user/Desktop/PR_GROUP_ASSIGNMENT/EN3150-Assignment-03/realwaste/realwaste-main/RealWaste/Metal/Metal_589.jpg,Metal,524,524,1.0
/home/user/Desktop/PR_GROUP_ASSIGNMENT/EN3150-Assignment-03/realwaste/realwaste-main/RealWaste/Miscellaneous Trash/Miscellaneous Trash_472.jpg,Miscellaneous Trash,524,524,1.0
/home/user/Desktop/PR_GROUP_ASSIGNMENT/EN3150-Assignment-03/realwaste/realwaste-main/RealWaste/Metal/Metal_85.jpg,Metal,524,524,1.0
/home/user/Desktop/PR_GROUP_ASSIGNMENT/EN3150-Assignment-03/realwaste/realwaste-main/RealWaste/Plastic/Plastic_683.jpg,Plastic,524,524,1.0
/home/user/Desktop/PR_GROUP_ASSIGNMENT/EN3150-Assignment-03/realwaste/realwaste-main/RealWaste/Glass/Glass_399.jpg,Glass,524,524,1.0
/home/user/Desktop/PR_GROUP_ASSIGNMENT/EN3150-Assignment-03/realwaste/realwaste-main/RealWaste/Textile Trash/Textile Trash_25.jpg,Textile Trash,524,524,1.0
/home/user/Desktop/PR_GROUP_ASSIGNMENT/EN3150-Assignment-03/realwaste/realwaste-main/RealWaste/Vegetation/Vegetation_71.jpg,Vegetation,524,524,1.0
/home/user/Desktop/PR_GROUP_ASSIGNMENT/EN3150-Assignment-03/realwaste/realwaste-main/RealWaste/Textile Trash/Textile Trash_5.jpg,Textile Trash,524,524,1.0
/home/user/Desktop/PR_GROUP_ASSIGNMENT/EN3150-Assignment-03/realwaste/realwaste-main/RealWaste/Miscellaneous Trash/Miscellaneous Trash_7.jpg,Miscellaneous Trash,524,524,1.0
/home/user/Desktop/PR_GROUP_ASSIGNMENT/EN3150-Assignment-03/realwaste/realwaste-main/RealWaste/Miscellaneous Trash/Miscellaneous Trash_89.jpg,Miscellaneous Trash,524,524,1.0
/home/user/Desktop/PR_GROUP_ASSIGNMENT/EN3150-Assignment-03/realwaste/realwaste-main/RealWaste/Cardboard/Cardboard_414.jpg,Cardboard,524,524,1.0
/home/user/Desktop/PR_GROUP_ASSIGNMENT/EN3150-Assignment-03/realwaste/realwaste-main/RealWaste/Textile Trash/Textile Trash_85.jpg,Textile Trash,524,524,1.0
/home/user/Desktop/PR_GROUP_ASSIGNMENT/EN3150-Assignment-03/realwaste/realwaste-main/RealWaste/Metal/Metal_764.jpg,Metal,524,524,1.0
/home/user/Desktop/PR_GROUP_ASSIGNMENT/EN3150-Assignment-03/realwaste/realwaste-main/RealWaste/Glass/Glass_194.jpg,Glass,524,524,1.0
/home/user/Desktop/PR_GROUP_ASSIGNMENT/EN3150-Assignment-03/realwaste/realwaste-main/RealWaste/Cardboard/Cardboard_2.jpg,Cardboard,524,524,1.0
/home/user/Desktop/PR_GROUP_ASSIGNMENT/EN3150-Assignment-03/realwaste/realwaste-main/RealWaste/Paper/Paper_260.jpg,Paper,524,524,1.0
/home/user/Desktop/PR_GROUP_ASSIGNMENT/EN3150-Assignment-03/realwaste/realwaste-main/RealWaste/Miscellaneous Trash/Miscellaneous Trash_262.jpg,Miscellaneous Trash,524,524,1.0
/home/user/Desktop/PR_GROUP_ASSIGNMENT/EN3150-Assignment-03/realwaste/realwaste-main/RealWaste/Textile Trash/Textile Trash_245.jpg,Textile Trash,524,524,1.0
/home/user/Desktop/PR_GROUP_ASSIGNMENT/EN3150-Assignment-03/realwaste/realwaste-main/RealWaste/Food Organics/Food Organics_157.jpg,Food Organics,524,524,1.0
/home/user/Desktop/PR_GROUP_ASSIGNMENT/EN3150-Assignment-03/realwaste/realwaste-main/RealWaste/Paper/Paper_130.jpg,Paper,524,524,1.0
/home/user/Desktop/PR_GROUP_ASSIGNMENT/EN3150-Assignment-03/realwaste/realwaste-main/RealWaste/Plastic/Plastic_19.jpg,Plastic,524,524,1.0
/home/user/Desktop/PR_GROUP_ASSIGNMENT/EN3150-Assignment-03/realwaste/realwaste-main/RealWaste/Vegetation/Vegetation_244.jpg,Vegetation,524,524,1.0
/home/user/Desktop/PR_GROUP_ASSIGNMENT/EN3150-Assignment-03/realwaste/realwaste-main/RealWaste/Food Organics/Food Organics_369.jpg,Food Organics,524,524,1.0
/home/user/Desktop/PR_GROUP_ASSIGNMENT/EN3150-Assignment-03/realwaste/realwaste-main/RealWaste/Metal/Metal_446.jpg,Metal,524,524,1.0
/home/user/Desktop/PR_GROUP_ASSIGNMENT/EN3150-Assignment-03/realwaste/realwaste-main/RealWaste/Textile Trash/Textile Trash_234.jpg,Textile Trash,524,524,1.0
/home/user/Desktop/PR_GROUP_ASSIGNMENT/EN3150-Assignment-03/realwaste/realwaste-main/RealWaste/Plastic/Plastic_160.jpg,Plastic,524,524,1.0
/home/user/Desktop/PR_GROUP_ASSIGNMENT/EN3150-Assignment-03/realwaste/realwaste-main/RealWaste/Paper/Paper_436.jpg,Paper,524,524,1.0
/home/user/Desktop/PR_GROUP_ASSIGNMENT/EN3150-Assignment-03/realwaste/realwaste-main/RealWaste/Miscellaneous Trash/Miscellaneous Trash_170.jpg,Miscellaneous Trash,524,524,1.0
/home/user/Desktop/PR_GROUP_ASSIGNMENT/EN3150-Assignment-03/realwaste/realwaste-main/RealWaste/Food Organics/Food Organics_175.jpg,Food Organics,524,524,1.0
/home/user/Desktop/PR_GROUP_ASSIGNMENT/EN3150-Assignment-03/realwaste/realwaste-main/RealWaste/Vegetation/Vegetation_190.jpg,Vegetation,524,524,1.0
/home/user/Desktop/PR_GROUP_ASSIGNMENT/EN3150-Assignment-03/realwaste/realwaste-main/RealWaste/Plastic/Plastic_833.jpg,Plastic,524,524,1.0
/home/user/Desktop/PR_GROUP_ASSIGNMENT/EN3150-Assignment-03/realwaste/realwaste-main/RealWaste/Metal/Metal_15.jpg,Metal,524,524,1.0
/home/user/Desktop/PR_GROUP_ASSIGNMENT/EN3150-Assignment-03/realwaste/realwaste-main/RealWaste/Miscellaneous Trash/Miscellaneous Trash_422.jpg,Miscellaneous Trash,524,524,1.0
/home/user/Desktop/PR_GROUP_ASSIGNMENT/EN3150-Assignment-03/realwaste/realwaste-main/RealWaste/Cardboard/Cardboard_3.jpg,Cardboard,524,524,1.0
/home/user/Desktop/PR_GROUP_ASSIGNMENT/EN3150-Assignment-03/realwaste/realwaste-main/RealWaste/Plastic/Plastic_658.jpg,Plastic,524,524,1.0
/home/user/Desktop/PR_GROUP_ASSIGNMENT/EN3150-Assignment-03/realwaste/realwaste-main/RealWaste/Plastic/Plastic_731.jpg,Plastic,524,524,1.0
/home/user/Desktop/PR_GROUP_ASSIGNMENT/EN3150-Assignment-03/realwaste/realwaste-main/RealWaste/Glass/Glass_338.jpg,Glass,524,524,1.0
/home/user/Desktop/PR_GROUP_ASSIGNMENT/EN3150-Assignment-03/realwaste/realwaste-main/RealWaste/Plastic/Plastic_28.jpg,Plastic,524,524,1.0
/home/user/Desktop/PR_GROUP_ASSIGNMENT/EN3150-Assignment-03/realwaste/realwaste-main/RealWaste/Metal/Metal_212.jpg,Metal,524,524,1.0
/home/user/Desktop/PR_GROUP_ASSIGNMENT/EN3150-Assignment-03/realwaste/realwaste-main/RealWaste/Plastic/Plastic_779.jpg,Plastic,524,524,1.0
/home/user/Desktop/PR_GROUP_ASSIGNMENT/EN3150-Assignment-03/realwaste/realwaste-main/RealWaste/Miscellaneous Trash/Miscellaneous Trash_307.jpg,Miscellaneous Trash,524,524,1.0
/home/user/Desktop/PR_GROUP_ASSIGNMENT/EN3150-Assignment-03/realwaste/realwaste-main/RealWaste/Miscellaneous Trash/Miscellaneous Trash_457.jpg,Miscellaneous Trash,524,524,1.0
/home/user/Desktop/PR_GROUP_ASSIGNMENT/EN3150-Assignment-03/realwaste/realwaste-main/RealWaste/Metal/Metal_328.jpg,Metal,524,524,1.0
/home/user/Desktop/PR_GROUP_ASSIGNMENT/EN3150-Assignment-03/realwaste/realwaste-main/RealWaste/Cardboard/Cardboard_81.jpg,Cardboard,524,524,1.0
/home/user/Desktop/PR_GROUP_ASSIGNMENT/EN3150-Assignment-03/realwaste/realwaste-main/RealWaste/Glass/Glass_360.jpg,Glass,524,524,1.0
/home/user/Desktop/PR_GROUP_ASSIGNMENT/EN3150-Assignment-03/realwaste/realwaste-main/RealWaste/Food Organics/Food Organics_147.jpg,Food Organics,524,524,1.0
/home/user/Desktop/PR_GROUP_ASSIGNMENT/EN3150-Assignment-03/realwaste/realwaste-main/RealWaste/Plastic/Plastic_621.jpg,Plastic,524,524,1.0
/home/user/Desktop/PR_GROUP_ASSIGNMENT/EN3150-Assignment-03/realwaste/realwaste-main/RealWaste/Vegetation/Vegetation_31.jpg,Vegetation,524,524,1.0
/home/user/Desktop/PR_GROUP_ASSIGNMENT/EN3150-Assignment-03/realwaste/realwaste-main/RealWaste/Plastic/Plastic_537.jpg,Plastic,524,524,1.0
